S130VC	2025-02-18 17:18:22
value unit [W]	time unit [ms]
wavelength	385.000nm
range	AUTO
7.327179E-04	21
7.330491E-04	321
7.347551E-04	621
7.307528E-04	921
7.366997E-04	1221
7.339363E-04	1521
7.332788E-04	1821
7.374729E-04	2121
7.338210E-04	2421
7.353923E-04	2721
7.367895E-04	3021
7.326120E-04	3321
7.369186E-04	3621
7.353084E-04	3921
7.336700E-04	4221
7.372204E-04	4521
7.343529E-04	4821
7.360026E-04	5121
7.379644E-04	5421
7.361391E-04	5721
7.374756E-04	6021
7.359977E-04	6321
7.370627E-04	6621
7.370648E-04	6924
7.373163E-04	7224
7.389846E-04	7524
7.404940E-04	7824
7.374259E-04	8124
7.412099E-04	8424
7.401342E-04	8724
7.376093E-04	9024
7.430741E-04	9324
7.379852E-04	9624
7.401454E-04	9924
7.425108E-04	10224
7.386904E-04	10524
4.868244E-04	10824
3.319964E-09	12220
3.024790E-09	12520
2.014234E-09	12820
3.076617E-09	13120
-5.568889E-10	13419
-1.305797E-10	13720
1.895942E-09	14020
8.822306E-10	14320
3.734568E-10	14620
2.011079E-09	14920
2.320444E-09	15220
2.236628E-09	15520
1.070476E-05	16123
1.062641E-05	16424
1.061427E-05	16723
1.063229E-05	17024
1.063007E-05	17323
1.054663E-05	17624
1.048899E-05	17923
1.046723E-05	18224
1.050245E-05	18523
1.050557E-05	18824
1.047899E-05	19123
1.046782E-05	19424
1.039662E-05	19723
1.035791E-05	20024
1.035475E-05	20323
1.030401E-05	20624
2.511339E-05	20923
3.246537E-05	21224
3.245587E-05	21523
3.247903E-05	21824
3.252484E-05	22123
3.243006E-05	22424
3.251097E-05	22723
3.250029E-05	23025
3.252536E-05	23323
3.266091E-05	23624
3.250421E-05	23925
3.249417E-05	24225
3.245640E-05	24525
3.250203E-05	24825
3.252554E-05	25125
3.244870E-05	25425
5.978289E-05	26228
6.012848E-05	26528
5.766462E-05	26828
6.034000E-05	27128
5.890724E-05	27428
5.853886E-05	27728
5.961070E-05	28028
5.814066E-05	28328
5.990212E-05	28628
5.884927E-05	28928
5.862282E-05	29228
5.958969E-05	29528
5.879621E-05	29828
5.906395E-05	30128
5.915450E-05	30428
5.957953E-05	30728
8.801428E-05	31028
8.734358E-05	31328
8.709440E-05	31628
8.480523E-05	31932
8.847164E-05	32232
8.794579E-05	32532
8.640858E-05	32832
8.811356E-05	33132
8.527854E-05	33446
8.734343E-05	33749
8.640724E-05	34049
8.892419E-05	34349
8.763230E-05	34649
8.768602E-05	34949
8.887368E-05	35249
8.744746E-05	35549
9.925784E-05	35849
1.156859E-04	36149
1.148747E-04	36449
1.170606E-04	36749
1.150885E-04	37049
1.157229E-04	37349
1.171209E-04	37649
1.144412E-04	37949
1.162124E-04	38249
1.144645E-04	38549
1.155618E-04	38849
1.165718E-04	39149
1.145120E-04	39449
1.161232E-04	39751
1.169584E-04	40051
1.161406E-04	40351
1.144978E-04	40651
1.388656E-04	40951
1.440214E-04	41251
1.456046E-04	41551
1.451216E-04	41851
1.436410E-04	42151
1.460976E-04	42451
1.442693E-04	42751
1.440284E-04	43051
1.445179E-04	43351
1.431814E-04	43651
1.448003E-04	43951
1.443482E-04	44251
1.431733E-04	44551
1.454023E-04	44851
1.431390E-04	45151
1.429383E-04	45451
1.460187E-04	45751
1.719309E-04	46051
1.730487E-04	46351
1.719406E-04	46651
1.715180E-04	46951
1.718516E-04	47254
1.742440E-04	47554
1.717903E-04	47854
1.718395E-04	48154
1.720938E-04	48454
1.734492E-04	48754
1.724356E-04	49054
1.721241E-04	49354
1.728667E-04	49654
1.730451E-04	49954
1.714518E-04	50254
1.720933E-04	50554
1.846649E-04	50854
2.033040E-04	51154
2.016681E-04	51454
2.021141E-04	51754
2.022043E-04	52054
2.020863E-04	52354
2.017930E-04	52654
2.011169E-04	52954
2.020175E-04	53254
2.033025E-04	53554
2.009835E-04	53854
2.022116E-04	54154
2.030566E-04	54454
2.018492E-04	54754
2.019748E-04	55056
2.018816E-04	55356
2.018559E-04	55656
2.257281E-04	55956
2.307263E-04	56256
2.312325E-04	56556
2.322170E-04	56856
2.330790E-04	57156
2.322248E-04	57456
2.310829E-04	57756
2.320992E-04	58056
2.335361E-04	58356
2.304956E-04	58656
2.323172E-04	58956
2.318059E-04	59256
2.327242E-04	59556
2.312348E-04	59856
2.307403E-04	60156
2.319319E-04	60456
2.365454E-04	60756
2.580475E-04	61056
2.610996E-04	61356
2.595080E-04	61656
2.599446E-04	61956
2.596996E-04	62256
2.579447E-04	62556
2.593409E-04	62858
2.615122E-04	63158
2.591060E-04	63458
2.581618E-04	63758
2.596234E-04	64058
2.642720E-04	64371
2.595455E-04	64671
2.593172E-04	64971
2.584035E-04	65271
2.617477E-04	65571
2.725126E-04	65871
2.891952E-04	66171
2.906363E-04	66471
2.898311E-04	66771
2.901307E-04	67071
2.892279E-04	67371
2.895159E-04	67671
2.922723E-04	67971
2.889317E-04	68271
2.897474E-04	68571
2.908725E-04	68871
2.895327E-04	69171
2.914593E-04	69471
2.897870E-04	69771
2.907910E-04	70071
2.912748E-04	70374
2.913590E-04	70674
3.138907E-04	70974
3.211527E-04	71274
3.196633E-04	71574
3.199671E-04	71874
3.210525E-04	72174
3.189441E-04	72474
3.228718E-04	72774
3.189816E-04	73074
3.189030E-04	73374
3.207959E-04	73674
3.207920E-04	73974
3.215522E-04	74274
3.203058E-04	74574
3.201854E-04	74874
3.230612E-04	75174
3.208515E-04	75474
3.243696E-04	75774
3.519665E-04	76074
3.496981E-04	76374
3.518880E-04	76674
3.510106E-04	76974
3.505658E-04	77274
3.533045E-04	77574
3.497034E-04	77874
3.518183E-04	78176
3.499619E-04	78476
3.518469E-04	78776
3.508161E-04	79076
3.494850E-04	79376
3.486937E-04	79676
3.507019E-04	79976
3.498670E-04	80276
3.478436E-04	80576
3.637195E-04	80876
3.786693E-04	81176
3.789015E-04	81476
3.783812E-04	81776
3.795115E-04	82076
3.818071E-04	82376
3.803244E-04	82676
3.791174E-04	82976
3.813601E-04	83276
3.794894E-04	83576
3.817038E-04	83876
3.789130E-04	84176
3.797988E-04	84476
3.817498E-04	84776
3.786471E-04	85076
3.798682E-04	85376
3.791250E-04	85678
4.058135E-04	85978
4.098059E-04	86278
4.079183E-04	86578
4.086715E-04	86878
4.116550E-04	87178
4.116864E-04	87478
4.101604E-04	87778
4.116617E-04	88078
4.109066E-04	88378
4.120307E-04	88678
4.087013E-04	88978
4.107633E-04	89278
4.111986E-04	89578
4.112851E-04	89878
4.111575E-04	90178
4.110222E-04	90478
4.169634E-04	90778
4.445030E-04	91078
4.413448E-04	91378
4.435887E-04	91678
4.443906E-04	91978
4.433184E-04	92278
4.424777E-04	92578
4.424602E-04	92878
4.432977E-04	93178
4.432350E-04	93481
4.425205E-04	93781
4.408234E-04	94081
4.446221E-04	94381
4.424276E-04	94681
4.423892E-04	94981
4.438825E-04	95293
4.427148E-04	95593
4.600258E-04	95893
4.735985E-04	96193
4.736610E-04	96493
4.748238E-04	96793
4.763450E-04	97093
4.763501E-04	97393
4.737051E-04	97693
4.760316E-04	97993
4.755751E-04	98293
4.742955E-04	98593
4.738993E-04	98893
4.764944E-04	99193
4.772004E-04	99493
4.742737E-04	99793
4.727567E-04	100093
4.761915E-04	100393
4.758984E-04	100693
5.063008E-04	100996
5.039490E-04	101296
5.085818E-04	101596
5.101261E-04	101896
5.088433E-04	102196
5.099433E-04	102496
5.093868E-04	102796
5.088424E-04	103096
5.107630E-04	103396
5.071682E-04	103696
5.084958E-04	103996
5.084784E-04	104296
5.094734E-04	104596
5.087599E-04	104896
5.093933E-04	105196
5.090907E-04	105496
5.152320E-04	105796
5.383658E-04	106096
5.406789E-04	106396
5.387266E-04	106696
5.401953E-04	106996
5.384820E-04	107296
5.400195E-04	107596
5.413683E-04	107896
5.398225E-04	108196
5.408063E-04	108498
5.397795E-04	108798
5.430758E-04	109098
5.387490E-04	109398
5.414425E-04	109698
5.429129E-04	109998
5.419364E-04	110298
5.445449E-04	110598
5.572142E-04	110898
5.725214E-04	111198
5.738292E-04	111498
5.720502E-04	111798
5.726620E-04	112098
5.742866E-04	112398
5.737050E-04	112698
5.751767E-04	112998
5.731068E-04	113298
5.732669E-04	113598
5.750975E-04	113898
5.746142E-04	114198
5.747961E-04	114498
5.743426E-04	114798
5.746266E-04	115098
5.768968E-04	115398
5.756360E-04	115700
5.994085E-04	116000
6.063552E-04	116300
6.046427E-04	116600
6.056441E-04	116900
6.067576E-04	117200
6.066104E-04	117500
6.104304E-04	117800
6.073521E-04	118100
6.085392E-04	118400
6.115514E-04	118700
6.076222E-04	119000
6.095226E-04	119300
6.099782E-04	119600
6.082011E-04	119900
6.117738E-04	120200
6.084722E-04	120500
6.186712E-04	120800
6.461520E-04	121100
6.427919E-04	121400
6.429621E-04	121700
6.439185E-04	122000
6.416768E-04	122300
6.452905E-04	122600
6.424546E-04	122900
6.437097E-04	123203
6.446548E-04	123503
6.437825E-04	123803
6.443819E-04	124103
6.449386E-04	124403
6.428282E-04	124703
6.436752E-04	125016
6.449865E-04	125316
6.443945E-04	125616
6.664929E-04	125916
6.797791E-04	126216
6.796394E-04	126516
6.786870E-04	126816
6.792697E-04	127116
6.790881E-04	127416
6.777332E-04	127716
6.791860E-04	128016
6.808505E-04	128316
6.798521E-04	128616
6.812367E-04	128916
6.811392E-04	129216
6.810680E-04	129516
6.814115E-04	129816
6.806439E-04	130116
6.813438E-04	130418
6.826578E-04	130718
7.099574E-04	131018
7.145458E-04	131318
7.127054E-04	131618
7.143117E-04	131918
7.147892E-04	132218
7.137513E-04	132518
7.149566E-04	132818
7.152029E-04	133118
7.153837E-04	133418
7.172843E-04	133718
7.160260E-04	134018
7.152098E-04	134318
7.170076E-04	134618
7.172899E-04	134918
7.174828E-04	135218
7.168030E-04	135518
7.282044E-04	135818
7.517249E-04	136118
7.534690E-04	136418
7.556276E-04	136718
7.549389E-04	137018
7.561235E-04	137318
7.530996E-04	137620
7.575289E-04	137920
7.529766E-04	138220
7.571445E-04	138520
7.533968E-04	138820
7.536630E-04	139120
7.577193E-04	139420
7.536875E-04	139720
7.563905E-04	140020
7.585260E-04	140320
7.548835E-04	140620
7.782544E-04	140920
7.898684E-04	141220
7.888689E-04	141520
7.891146E-04	141820
7.861624E-04	142120
7.908588E-04	142420
7.899996E-04	142720
7.889839E-04	143020
7.891604E-04	143320
7.880399E-04	143620
7.886696E-04	143920
7.882442E-04	144220
7.898808E-04	144520
7.888039E-04	144820
7.930402E-04	145123
7.881959E-04	145424
7.930656E-04	145723
8.240372E-04	146024
8.252558E-04	146323
8.278993E-04	146624
8.233854E-04	146923
8.264628E-04	147224
8.270596E-04	147523
8.238167E-04	147824
8.275840E-04	148123
8.251602E-04	148424
8.242350E-04	148723
8.264160E-04	149024
8.231770E-04	149323
8.258978E-04	149624
8.261488E-04	149923
8.232158E-04	150224
8.270335E-04	150523
8.355156E-04	150824
8.586765E-04	151123
8.612814E-04	151424
8.594285E-04	151723
8.620489E-04	152024
8.626762E-04	152325
8.608077E-04	152625
8.651083E-04	152925
8.626296E-04	153225
8.614347E-04	153525
8.636996E-04	153825
8.599192E-04	154125
8.620114E-04	154438
8.609024E-04	154738
8.612754E-04	155038
8.609705E-04	155338
8.622478E-04	155638
8.869990E-04	155938
8.962876E-04	156238
8.984752E-04	156538
8.955479E-04	156838
8.946928E-04	157138
8.953686E-04	157438
8.934216E-04	157738
8.967461E-04	158038
8.953340E-04	158338
8.964523E-04	158638
8.963044E-04	158938
8.950327E-04	159238
8.936755E-04	159540
8.984865E-04	159840
8.967816E-04	160140
8.993777E-04	160440
8.993218E-04	160740
9.296258E-04	161040
9.321687E-04	161340
9.284613E-04	161640
9.294837E-04	161940
9.310380E-04	162240
9.312050E-04	162540
9.332566E-04	162840
9.337980E-04	163140
9.335232E-04	163440
9.372289E-04	163740
9.318532E-04	164040
9.330747E-04	164340
9.332239E-04	164640
9.313794E-04	164940
9.331180E-04	165240
9.327432E-04	165540
9.311713E-04	165840
9.314518E-04	166140
9.287924E-04	166440
9.294449E-04	166740
9.301380E-04	167042
9.334583E-04	167342
9.342871E-04	167642
9.352444E-04	167942
9.363935E-04	168242
9.331086E-04	168542
9.351580E-04	168842
9.379621E-04	169142
9.355310E-04	169442
9.337917E-04	169742
9.352477E-04	170042
9.362051E-04	170342
9.356480E-04	170642
9.312900E-04	170942
9.325456E-04	171242
9.326379E-04	171542
9.318696E-04	171842
9.297705E-04	172142
9.307029E-04	172442
9.295574E-04	172742
9.266986E-04	173042
9.308151E-04	173342
9.296318E-04	173642
9.280398E-04	173942
9.274195E-04	174245
9.271102E-04	174545
9.272483E-04	174845
9.341806E-04	175145
9.319812E-04	175445
9.304825E-04	175745
9.253905E-04	176045
9.261825E-04	176345
9.269054E-04	176645
9.267860E-04	176945
9.273654E-04	177245
9.309337E-04	177545
9.293356E-04	177845
9.300712E-04	178145
9.302553E-04	178445
9.313529E-04	178745
9.331484E-04	179045
9.307270E-04	179345
9.284908E-04	179645
9.343105E-04	179945
9.305399E-04	180245
9.297260E-04	180545
9.300273E-04	180845
9.266842E-04	181145
9.265844E-04	181445
9.254245E-04	181747
9.298689E-04	182047
9.264628E-04	182347
9.278732E-04	182647
9.257119E-04	182947
9.236461E-04	183247
9.272342E-04	183547
9.219139E-04	183860
9.264298E-04	184160
9.268458E-04	184460
9.311276E-04	184760
9.290512E-04	185060
9.299827E-04	185360
9.278245E-04	185660
9.302003E-04	185960
9.301002E-04	186260
9.239322E-04	186560
9.267731E-04	186860
9.240087E-04	187160
9.215333E-04	187460
9.220057E-04	187760
9.199070E-04	188060
9.209279E-04	188360
9.225597E-04	188660
9.240066E-04	188962
9.274114E-04	189262
9.263188E-04	189562
9.241724E-04	189862
9.280817E-04	190162
9.267334E-04	190462
9.295215E-04	190762
9.218766E-04	191062
9.219830E-04	191362
9.203554E-04	191662
9.210962E-04	191962
9.220285E-04	192262
9.223668E-04	192562
9.206014E-04	192862
9.239040E-04	193162
9.218099E-04	193462
9.185961E-04	193762
9.180870E-04	194062
9.193852E-04	194362
9.189711E-04	194662
9.216967E-04	194962
9.187961E-04	195262
9.222708E-04	195562
9.189614E-04	195862
9.175048E-04	196165
9.177189E-04	196465
9.181090E-04	196765
9.180494E-04	197065
9.181983E-04	197365
9.198497E-04	197665
9.191019E-04	197965
9.197666E-04	198265
9.198722E-04	198565
9.202873E-04	198865
9.213535E-04	199165
9.212855E-04	199465
9.185470E-04	199765
9.180577E-04	200065
9.207769E-04	200365
9.214713E-04	200665
9.198340E-04	200965
9.197505E-04	201265
9.212926E-04	201565
9.182109E-04	201865
9.213270E-04	202165
9.225952E-04	202465
9.227048E-04	202765
9.237636E-04	203065
9.229471E-04	203365
9.226618E-04	203667
9.248296E-04	203967
9.223033E-04	204267
9.214378E-04	204567
9.185525E-04	204867
9.210806E-04	205167
9.198438E-04	205467
9.166573E-04	205767
9.166001E-04	206067
9.186086E-04	206367
9.181901E-04	206667
9.166743E-04	206967
9.148720E-04	207267
9.182469E-04	207567
9.197939E-04	207867
9.151889E-04	208167
9.176221E-04	208467
9.209897E-04	208767
9.190661E-04	209067
9.201312E-04	209367
9.194902E-04	209667
9.185909E-04	209967
9.210578E-04	210267
9.201308E-04	210567
9.230564E-04	210869
9.164518E-04	211169
9.170030E-04	211469
9.142456E-04	211769
9.103930E-04	212069
9.115300E-04	212369
9.115398E-04	212669
9.117547E-04	212969
9.178410E-04	213282
9.191846E-04	213582
9.210750E-04	213882
9.184845E-04	214182
9.129110E-04	214482
9.118991E-04	214782
9.108029E-04	215082
9.088200E-04	215382
9.093730E-04	215682
9.068546E-04	215982
9.060291E-04	216282
9.048696E-04	216582
9.027314E-04	216882
9.041496E-04	217182
9.051640E-04	217482
9.064993E-04	217782
9.066536E-04	218084
9.045504E-04	218384
9.083606E-04	218684
9.040546E-04	218984
9.089966E-04	219284
9.106078E-04	219584
9.081375E-04	219884
9.104963E-04	220184
9.077197E-04	220484
9.059468E-04	220784
9.075766E-04	221084
9.050606E-04	221384
9.052598E-04	221684
9.074032E-04	221984
9.041704E-04	222284
9.060180E-04	222584
9.032806E-04	222884
9.029701E-04	223184
9.073528E-04	223484
9.047211E-04	223784
9.042984E-04	224084
9.040364E-04	224384
9.051971E-04	224684
9.116615E-04	224984
9.102549E-04	225284
9.079455E-04	225586
9.068099E-04	225886
9.049257E-04	226186
9.049749E-04	226486
8.997233E-04	226786
9.027112E-04	227086
9.054739E-04	227386
9.064606E-04	227686
9.063130E-04	227986
9.088716E-04	228286
9.077826E-04	228586
9.122532E-04	228886
9.114033E-04	229186
9.148818E-04	229486
9.160931E-04	229786
9.144743E-04	230086
9.167611E-04	230386
9.172559E-04	230686
9.141166E-04	230986
9.121512E-04	231286
9.131219E-04	231586
9.140241E-04	231886
9.092609E-04	232186
9.120641E-04	232486
9.106232E-04	232789
9.120776E-04	233089
9.112687E-04	233389
9.134927E-04	233689
9.110453E-04	233989
9.143588E-04	234289
9.154776E-04	234589
9.137655E-04	234889
9.077642E-04	235189
9.110702E-04	235489
9.151273E-04	235789
9.119699E-04	236089
9.103444E-04	236389
9.116604E-04	236689
9.111168E-04	236989
9.105093E-04	237289
9.077662E-04	237589
9.067401E-04	237889
9.084949E-04	238189
9.074407E-04	238489
9.067602E-04	238789
9.083746E-04	239089
9.076364E-04	239389
9.068518E-04	239689
9.021330E-04	239989
9.038561E-04	240291
9.056577E-04	240591
9.061882E-04	240891
9.030915E-04	241191
9.025694E-04	241491
9.031937E-04	241791
8.994048E-04	242091
9.007429E-04	242391
9.010992E-04	242704
8.982778E-04	243004
9.004287E-04	243304
9.000586E-04	243604
9.021349E-04	243904
9.017019E-04	244204
9.046931E-04	244504
9.010819E-04	244804
9.041476E-04	245104
9.032786E-04	245404
9.041713E-04	245704
9.017972E-04	246004
9.014362E-04	246304
8.977206E-04	246604
9.011414E-04	246904
8.992925E-04	247204
9.004188E-04	247507
8.968639E-04	247807
8.996127E-04	248107
8.976574E-04	248407
8.974907E-04	248707
8.991697E-04	249007
8.969680E-04	249307
8.957380E-04	249607
8.954828E-04	249907
8.957923E-04	250207
8.989000E-04	250507
8.967036E-04	250807
8.937815E-04	251107
8.930206E-04	251407
8.927106E-04	251707
8.945645E-04	252007
8.954267E-04	252307
8.920175E-04	252607
8.925197E-04	252907
8.914137E-04	253207
8.917014E-04	253507
8.962607E-04	253807
8.952113E-04	254107
8.971363E-04	254407
8.942124E-04	254709
8.922313E-04	255009
8.943412E-04	255309
8.973856E-04	255609
8.959664E-04	255909
8.889877E-04	256209
8.878642E-04	256509
8.863210E-04	256809
8.881608E-04	257109
8.885728E-04	257409
8.901259E-04	257709
8.884217E-04	258009
8.871478E-04	258309
8.873154E-04	258609
8.857788E-04	258909
8.888612E-04	259209
8.898988E-04	259509
8.905872E-04	259809
8.919036E-04	260109
8.906330E-04	260409
8.930055E-04	260709
8.898061E-04	261009
8.829576E-04	261309
8.815382E-04	261609
8.783931E-04	261909
8.758328E-04	262211
8.759048E-04	262511
8.753377E-04	262811
8.775140E-04	263111
8.789427E-04	263411
8.767400E-04	263711
8.787573E-04	264011
8.759740E-04	264311
8.750465E-04	264611
8.753508E-04	264911
8.780536E-04	265211
8.769995E-04	265511
8.775418E-04	265811
8.775619E-04	266111
8.818358E-04	266411
8.833915E-04	266711
8.815830E-04	267011
8.814661E-04	267311
8.805107E-04	267611
8.808909E-04	267911
8.799998E-04	268211
8.805057E-04	268511
8.812563E-04	268811
8.821602E-04	269111
8.822592E-04	269414
8.847342E-04	269714
8.880649E-04	270014
8.882170E-04	270314
8.887417E-04	270614
8.871829E-04	270914
8.867698E-04	271214
8.882094E-04	271514
8.883480E-04	271814
8.898501E-04	272127
8.913892E-04	272427
8.890260E-04	272727
8.900839E-04	273027
8.874725E-04	273327
8.884043E-04	273627
8.877091E-04	273927
8.873437E-04	274227
8.885185E-04	274527
8.894037E-04	274827
8.910683E-04	275127
8.919770E-04	275427
8.888555E-04	275727
8.996673E-04	276027
8.971726E-04	276327
9.001846E-04	276627
9.041812E-04	276929
9.033487E-04	277229
9.043267E-04	277529
9.059927E-04	277829
9.055561E-04	278129
9.034084E-04	278429
9.042470E-04	278729
9.065348E-04	279029
9.082415E-04	279329
9.072423E-04	279629
9.059077E-04	279929
9.060887E-04	280229
9.080005E-04	280529
9.070704E-04	280829
9.111106E-04	281129
9.098692E-04	281429
9.112147E-04	281729
9.119127E-04	282029
9.140261E-04	282329
9.114288E-04	282629
9.130444E-04	282929
9.117002E-04	283229
9.114302E-04	283529
9.100076E-04	283829
9.107025E-04	284131
9.089583E-04	284431
9.092802E-04	284731
9.110729E-04	285031
9.096646E-04	285331
9.108600E-04	285631
9.118252E-04	285931
9.136563E-04	286231
9.130560E-04	286531
9.096504E-04	286831
9.115387E-04	287131
9.128238E-04	287431
9.150919E-04	287731
9.124077E-04	288031
9.109864E-04	288331
9.149509E-04	288631
9.119362E-04	288931
9.105295E-04	289231
9.143722E-04	289531
9.161520E-04	289831
9.170602E-04	290131
9.165084E-04	290431
9.156329E-04	290731
9.150363E-04	291031
9.171951E-04	291334
9.164101E-04	291634
9.182970E-04	291934
9.180477E-04	292234
9.184642E-04	292534
9.197581E-04	292834
9.133358E-04	293134
9.155590E-04	293434
9.159817E-04	293734
9.141206E-04	294034
9.172743E-04	294334
9.126247E-04	294634
9.147555E-04	294934
9.118838E-04	295234
9.109391E-04	295534
9.124996E-04	295834
9.148345E-04	296134
9.129787E-04	296434
9.185179E-04	296734
9.177282E-04	297034
9.179907E-04	297334
9.178569E-04	297634
9.166689E-04	297934
9.152730E-04	298234
9.130208E-04	298534
9.134351E-04	298836
9.116399E-04	299136
9.117241E-04	299436
9.105182E-04	299736
9.094668E-04	300036
9.074705E-04	300336
9.115190E-04	300636
9.131255E-04	300936
9.130765E-04	301236
9.153731E-04	301549
9.142355E-04	301849
9.130036E-04	302149
9.094461E-04	302449
9.082732E-04	302749
9.084289E-04	303049
9.068524E-04	303349
9.044255E-04	303649
9.074859E-04	303949
9.103787E-04	304249
9.086868E-04	304549
9.042555E-04	304849
9.067949E-04	305149
9.060312E-04	305449
9.040982E-04	305749
9.047909E-04	306052
9.048815E-04	306352
9.051343E-04	306652
9.059783E-04	306952
9.046139E-04	307252
9.040657E-04	307552
9.073737E-04	307852
9.006498E-04	308152
9.018113E-04	308452
9.040086E-04	308752
9.021851E-04	309052
9.044637E-04	309352
9.007647E-04	309652
9.028215E-04	309952
9.077419E-04	310252
9.056790E-04	310552
9.062049E-04	310852
9.098235E-04	311152
9.123289E-04	311452
9.126593E-04	311752
9.125232E-04	312052
9.117458E-04	312352
9.121408E-04	312652
9.099399E-04	312952
9.128781E-04	313254
9.106824E-04	313554
9.101112E-04	313854
9.107889E-04	314154
9.091747E-04	314454
9.114332E-04	314754
9.126901E-04	315054
9.120873E-04	315354
9.125407E-04	315654
9.122241E-04	315954
9.119849E-04	316254
9.127980E-04	316554
9.142775E-04	316854
9.125395E-04	317154
9.158193E-04	317454
9.106434E-04	317754
9.078213E-04	318054
9.080313E-04	318354
9.078981E-04	318654
9.106396E-04	318954
9.060154E-04	319254
9.092380E-04	319554
9.122759E-04	319854
9.087554E-04	320154
9.112650E-04	320454
9.108930E-04	320756
9.148506E-04	321056
9.127461E-04	321356
9.139300E-04	321656
9.153935E-04	321956
9.120672E-04	322256
9.126050E-04	322556
9.133217E-04	322856
9.149479E-04	323156
9.118313E-04	323456
9.108415E-04	323756
9.073855E-04	324056
9.062600E-04	324356
9.054498E-04	324656
9.067178E-04	324956
9.073721E-04	325256
9.063463E-04	325556
9.086286E-04	325856
9.100916E-04	326156
9.070446E-04	326456
9.052271E-04	326756
9.071568E-04	327056
9.087182E-04	327356
9.101485E-04	327656
9.072682E-04	327959
9.109048E-04	328259
9.090949E-04	328559
9.073970E-04	328859
9.090755E-04	329159
9.091258E-04	329459
9.081631E-04	329759
9.093406E-04	330059
9.088768E-04	330359
9.090193E-04	330659
9.087959E-04	330972
9.114799E-04	331272
9.076842E-04	331572
9.087994E-04	331872
9.101020E-04	332172
9.068929E-04	332472
9.047093E-04	332772
9.031111E-04	333072
9.060113E-04	333372
9.065302E-04	333672
9.062737E-04	333972
9.096551E-04	334272
9.104527E-04	334572
9.074705E-04	334872
9.078049E-04	335172
9.086150E-04	335474
9.105440E-04	335774
9.115014E-04	336074
9.117466E-04	336374
9.092802E-04	336674
9.104118E-04	336974
9.104302E-04	337274
9.113869E-04	337574
9.112933E-04	337874
9.134418E-04	338174
9.115534E-04	338474
9.117473E-04	338774
9.118601E-04	339074
9.111030E-04	339374
9.119586E-04	339674
9.109227E-04	339974
9.129460E-04	340274
9.121297E-04	340574
9.082840E-04	340874
9.123934E-04	341174
9.138044E-04	341474
9.116299E-04	341774
9.094946E-04	342074
9.091666E-04	342374
9.086669E-04	342676
9.124361E-04	342976
9.092645E-04	343276
9.091536E-04	343576
9.068484E-04	343876
9.082808E-04	344176
9.079887E-04	344476
9.051661E-04	344776
9.074254E-04	345076
9.110329E-04	345376
9.088939E-04	345676
9.124430E-04	345976
9.164236E-04	346276
9.173691E-04	346576
9.154900E-04	346876
9.135479E-04	347176
9.143764E-04	347476
9.169351E-04	347776
9.135916E-04	348076
9.138350E-04	348376
9.128140E-04	348676
9.111032E-04	348976
9.113192E-04	349276
9.121852E-04	349576
9.137363E-04	349879
9.137180E-04	350179
9.126913E-04	350479
9.106035E-04	350779
9.156067E-04	351079
9.189822E-04	351379
9.168002E-04	351679
9.155289E-04	351979
9.157924E-04	352279
9.176238E-04	352579
9.146854E-04	352879
9.139173E-04	353179
9.151939E-04	353479
9.174499E-04	353779
9.157874E-04	354079
9.155019E-04	354379
9.145756E-04	354679
9.180091E-04	354979
9.153885E-04	355279
9.158590E-04	355579
9.167649E-04	355879
9.194881E-04	356179
9.174013E-04	356479
9.141293E-04	356779
9.130161E-04	357079
9.143447E-04	357381
9.154630E-04	357681
9.149073E-04	357981
9.135485E-04	358281
9.168045E-04	358581
9.151222E-04	358881
9.157560E-04	359181
9.148554E-04	359481
9.180902E-04	359781
9.166012E-04	360081
9.150530E-04	360394
9.177091E-04	360694
9.160247E-04	360994
9.169515E-04	361294
9.201838E-04	361594
9.162726E-04	361894
9.190580E-04	362194
9.192592E-04	362494
9.170053E-04	362794
9.223520E-04	363094
9.201654E-04	363394
9.191055E-04	363694
9.204286E-04	363994
9.179466E-04	364294
9.206004E-04	364596
9.216762E-04	364896
9.173831E-04	365196
9.201588E-04	365496
9.220705E-04	365796
9.217527E-04	366096
9.210478E-04	366396
9.163361E-04	366696
9.175102E-04	366996
9.173635E-04	367296
9.143741E-04	367596
9.178499E-04	367896
9.174256E-04	368196
9.177924E-04	368496
9.162343E-04	368796
9.163023E-04	369096
9.203413E-04	369396
9.198465E-04	369696
9.170657E-04	369996
9.188402E-04	370296
9.181570E-04	370596
9.190124E-04	370896
9.216791E-04	371196
9.180256E-04	371496
9.223381E-04	371798
9.226995E-04	372098
9.197551E-04	372398
9.199517E-04	372698
9.201556E-04	372998
9.210379E-04	373298
9.181803E-04	373598
9.169749E-04	373898
9.183050E-04	374198
9.196284E-04	374498
9.167424E-04	374798
9.144868E-04	375098
9.144957E-04	375398
9.160410E-04	375698
9.147170E-04	375998
9.140123E-04	376298
9.173738E-04	376598
9.165040E-04	376898
9.170681E-04	377198
9.189093E-04	377498
9.193714E-04	377798
9.199622E-04	378098
9.200624E-04	378398
9.185183E-04	378698
9.204672E-04	378998
9.205286E-04	379301
9.177467E-04	379601
9.196724E-04	379901
9.185376E-04	380201
9.193955E-04	380501
9.125411E-04	380801
8.639809E-04	381101
8.660414E-04	381401
8.657753E-04	381701
8.631013E-04	382001
8.655129E-04	382301
8.633770E-04	382601
8.658017E-04	382901
8.671077E-04	383201
8.643304E-04	383501
8.690113E-04	383801
8.672042E-04	384101
8.649890E-04	384401
8.680167E-04	384701
8.638789E-04	385001
8.663475E-04	385301
8.674128E-04	385601
8.491312E-04	385901
8.342777E-04	386201
8.317571E-04	386503
8.293545E-04	386803
8.306444E-04	387103
8.279424E-04	387403
8.290824E-04	387703
8.310078E-04	388003
8.285962E-04	388303
8.309309E-04	388603
8.299800E-04	388903
8.271807E-04	389203
8.317935E-04	389503
8.281231E-04	389816
8.279876E-04	390116
8.293881E-04	390416
8.291317E-04	390716
8.004153E-04	391016
7.953546E-04	391316
7.950243E-04	391616
7.958015E-04	391916
7.945928E-04	392216
7.952892E-04	392516
7.943039E-04	392816
7.938314E-04	393116
7.944274E-04	393416
7.938134E-04	393716
7.960462E-04	394018
7.915741E-04	394318
7.951512E-04	394618
7.901956E-04	394918
7.932840E-04	395218
7.949838E-04	395518
7.885204E-04	395818
7.639793E-04	396118
7.615524E-04	396418
7.610969E-04	396718
7.635182E-04	397018
7.605259E-04	397318
7.633626E-04	397618
7.632349E-04	397918
7.619658E-04	398218
7.638294E-04	398518
7.621950E-04	398818
7.626223E-04	399118
7.620018E-04	399418
7.628842E-04	399718
7.631701E-04	400018
7.636814E-04	400318
7.634014E-04	400618
7.456107E-04	400918
7.306064E-04	401220
7.273008E-04	401520
7.292529E-04	401820
7.253785E-04	402120
7.268914E-04	402420
7.281403E-04	402720
7.243505E-04	403020
7.274022E-04	403320
7.258831E-04	403620
7.248365E-04	403920
7.265388E-04	404220
7.233304E-04	404520
7.246623E-04	404820
7.237658E-04	405120
7.211813E-04	405420
7.249188E-04	405720
6.970707E-04	406020
6.934612E-04	406320
6.942052E-04	406620
6.927590E-04	406920
6.927213E-04	407220
6.931754E-04	407520
6.916984E-04	407820
6.921206E-04	408120
6.922244E-04	408425
6.904356E-04	408723
6.924502E-04	409025
6.905487E-04	409323
6.907936E-04	409625
6.937351E-04	409923
6.903991E-04	410225
6.923565E-04	410523
6.835314E-04	410825
6.589214E-04	411123
6.613366E-04	411425
6.596341E-04	411723
6.587461E-04	412025
6.603800E-04	412323
6.574750E-04	412625
6.595932E-04	412923
6.572409E-04	413225
6.580982E-04	413523
6.597906E-04	413825
6.590319E-04	414123
6.579640E-04	414425
6.586423E-04	414723
6.587526E-04	415025
6.583928E-04	415323
6.566441E-04	415625
6.392223E-04	415925
6.256925E-04	416225
6.255158E-04	416525
6.240000E-04	416825
6.260779E-04	417125
6.263608E-04	417425
6.258484E-04	417725
6.244364E-04	418025
6.250573E-04	418325
6.253893E-04	418625
6.247094E-04	418925
6.277313E-04	419238
6.236435E-04	419538
6.264984E-04	419838
6.234684E-04	420138
6.243057E-04	420438
6.246155E-04	420738
5.940017E-04	421038
5.959063E-04	421338
5.909840E-04	421638
5.918246E-04	421938
5.953341E-04	422238
5.904451E-04	422538
5.925110E-04	422838
5.910730E-04	423140
5.916072E-04	423440
5.927593E-04	423740
5.929131E-04	424040
5.907117E-04	424340
5.940346E-04	424640
5.920191E-04	424940
5.935650E-04	425240
5.935205E-04	425540
5.833214E-04	425840
5.617184E-04	426140
5.592374E-04	426440
5.579366E-04	426740
5.625103E-04	427040
5.582391E-04	427340
5.597366E-04	427640
5.597678E-04	427940
5.576536E-04	428240
5.620507E-04	428540
5.581772E-04	428840
5.574889E-04	429140
5.611096E-04	429440
5.552867E-04	429740
5.562669E-04	430040
5.597921E-04	430340
5.588941E-04	430642
5.408773E-04	430942
5.280102E-04	431242
5.251526E-04	431542
5.278439E-04	431842
5.266900E-04	432142
5.255904E-04	432442
5.260106E-04	432742
5.258310E-04	433042
5.272700E-04	433342
5.261021E-04	433642
5.239713E-04	433942
5.271576E-04	434242
5.260577E-04	434542
5.258108E-04	434842
5.273700E-04	435142
5.259445E-04	435442
5.280935E-04	435742
4.966130E-04	436042
4.926162E-04	436342
4.968994E-04	436642
4.945410E-04	436942
4.944419E-04	437242
4.953350E-04	437542
4.958886E-04	437845
4.955492E-04	438145
4.956422E-04	438445
4.941842E-04	438745
4.960222E-04	439045
4.958625E-04	439345
4.955218E-04	439645
4.946220E-04	439945
4.947756E-04	440245
4.963047E-04	440545
4.870857E-04	440845
4.614758E-04	441145
4.648126E-04	441445
4.618876E-04	441745
4.627405E-04	442045
4.628832E-04	442345
4.625859E-04	442645
4.647981E-04	442945
4.624409E-04	443245
4.608509E-04	443545
4.643399E-04	443845
4.625727E-04	444145
4.619646E-04	444445
4.626249E-04	444745
4.613309E-04	445047
4.637752E-04	445347
4.624067E-04	445647
4.437570E-04	445947
4.320323E-04	446247
4.317884E-04	446547
4.331336E-04	446847
4.306464E-04	447147
4.312985E-04	447447
4.337476E-04	447747
4.309929E-04	448047
4.300845E-04	448347
4.315619E-04	448660
4.293952E-04	448960
4.317817E-04	449260
4.299062E-04	449560
4.307644E-04	449860
4.333126E-04	450160
4.300396E-04	450460
4.304154E-04	450760
4.015215E-04	451060
3.983672E-04	451360
4.008377E-04	451660
3.993732E-04	451960
3.998046E-04	452260
4.013089E-04	452562
4.006653E-04	452862
3.990458E-04	453162
3.992852E-04	453462
4.000445E-04	453762
3.998188E-04	454062
3.982753E-04	454362
3.990810E-04	454662
4.015379E-04	454962
3.995344E-04	455262
3.983484E-04	455562
3.902724E-04	455862
3.674124E-04	456162
3.682366E-04	456462
3.676198E-04	456762
3.661909E-04	457062
3.705627E-04	457362
3.667863E-04	457662
3.667760E-04	457962
3.691068E-04	458262
3.664783E-04	458562
3.689542E-04	458862
3.668763E-04	459162
3.667675E-04	459462
3.681166E-04	459765
3.689629E-04	460065
3.662545E-04	460365
3.665878E-04	460665
3.483025E-04	460965
3.365663E-04	461265
3.363090E-04	461565
3.354360E-04	461865
3.373839E-04	462165
3.366327E-04	462465
3.347208E-04	462765
3.361245E-04	463065
3.362110E-04	463365
3.357418E-04	463665
3.363094E-04	463965
3.339292E-04	464265
3.381662E-04	464565
3.360086E-04	464865
3.345158E-04	465165
3.375299E-04	465465
3.352692E-04	465765
3.055191E-04	466065
3.054602E-04	466365
3.027628E-04	466665
3.063347E-04	466967
3.053428E-04	467267
3.035817E-04	467567
3.038505E-04	467867
3.043837E-04	468167
3.034772E-04	468467
3.026816E-04	468767
3.024248E-04	469067
3.039277E-04	469367
3.039930E-04	469667
3.018097E-04	469967
3.028011E-04	470267
3.037743E-04	470567
2.932826E-04	470867
2.741945E-04	471167
2.721163E-04	471467
2.755517E-04	471767
2.738459E-04	472067
2.716978E-04	472367
2.744562E-04	472667
2.737356E-04	472967
2.737047E-04	473267
2.747544E-04	473567
2.720634E-04	473867
2.765672E-04	474167
2.715815E-04	474472
2.740474E-04	474772
2.736427E-04	475072
2.725998E-04	475372
2.759262E-04	475672
2.518172E-04	475972
2.425446E-04	476272
2.425793E-04	476572
2.429440E-04	476872
2.424517E-04	477172
2.411811E-04	477472
2.422706E-04	477772
2.423898E-04	478086
2.414382E-04	478386
2.421619E-04	478686
2.418153E-04	478986
2.401820E-04	479286
2.436332E-04	479586
2.415488E-04	479886
2.401940E-04	480186
2.417938E-04	480486
2.400572E-04	480786
2.115707E-04	481086
2.106101E-04	481386
2.105039E-04	481689
2.113666E-04	481989
2.101939E-04	482289
2.101076E-04	482589
2.097356E-04	482889
2.107590E-04	483189
2.081701E-04	483489
2.081826E-04	483789
2.078319E-04	484089
2.107107E-04	484389
2.090837E-04	484689
2.088812E-04	484989
2.093785E-04	485289
2.115126E-04	485589
1.979763E-04	485889
1.794962E-04	486189
1.788761E-04	486489
1.812662E-04	486789
1.786944E-04	487089
1.789607E-04	487389
1.793425E-04	487689
1.804717E-04	487989
1.794002E-04	488289
1.788370E-04	488589
1.796450E-04	488889
1.789520E-04	489191
1.791899E-04	489491
1.781975E-04	489791
1.785431E-04	490091
1.800176E-04	490391
1.780377E-04	490691
1.567008E-04	490991
1.473587E-04	491291
1.494172E-04	491591
1.479291E-04	491891
1.467772E-04	492191
1.483547E-04	492491
1.486943E-04	492791
1.474217E-04	493091
1.479078E-04	493391
1.467990E-04	493691
1.492192E-04	493991
1.465900E-04	494291
1.470000E-04	494591
1.470542E-04	494891
1.479869E-04	495191
1.474584E-04	495491
1.453719E-04	495791
1.186304E-04	496091
1.182473E-04	496394
1.196068E-04	496694
1.177641E-04	496994
1.192964E-04	497294
1.190479E-04	497594
1.173641E-04	497894
1.195803E-04	498194
1.172458E-04	498494
1.195076E-04	498794
1.189711E-04	499094
1.168443E-04	499394
1.194756E-04	499694
1.186633E-04	499994
1.173257E-04	500294
1.193505E-04	500594
1.050967E-04	500894
9.030769E-05	501194
8.917478E-05	501494
8.769213E-05	501794
8.976911E-05	502094
8.871315E-05	502394
8.832825E-05	502694
8.880498E-05	502994
8.792305E-05	503294
8.827614E-05	503596
8.938948E-05	503896
8.789707E-05	504196
8.885699E-05	504496
8.967511E-05	504796
8.728897E-05	505096
8.942260E-05	505396
8.719421E-05	505696
6.770709E-05	505996
6.018604E-05	506296
5.837789E-05	506596
6.069984E-05	506896
5.976141E-05	507196
5.690951E-05	507509
6.060209E-05	507809
5.817881E-05	508109
6.008180E-05	508409
6.047745E-05	508709
5.832580E-05	509009
6.038065E-05	509309
5.977815E-05	509609
5.815308E-05	509909
6.047388E-05	510209
5.807841E-05	510509
5.713858E-05	510809
3.220752E-05	511112
3.279464E-05	511412
3.223237E-05	511712
3.328744E-05	512012
3.223302E-05	512312
3.290186E-05	512612
3.233599E-05	512912
3.230188E-05	513212
3.247164E-05	513512
3.244094E-05	513812
3.289762E-05	514112
3.270484E-05	514412
3.181249E-05	514712
3.300210E-05	515012
3.232853E-05	515312
3.245744E-05	515612
2.254561E-05	515912
1.018140E-05	516212
1.063762E-05	516512
1.047079E-05	516812
1.021413E-05	517112
1.053987E-05	517412
1.016808E-05	517712
1.047757E-05	518012
1.021955E-05	518314
1.043717E-05	518614
1.010736E-05	518914
1.049405E-05	519214
1.027463E-05	519514
1.016334E-05	519814
1.035590E-05	520114
1.038006E-05	520414
1.037892E-05	520714
1.977954E-06	521014
2.029106E-09	522274
1.940104E-09	522574
1.802884E-09	522874
2.040595E-09	523174
1.987421E-09	523474
1.951820E-09	523774
2.171958E-09	524074
2.008150E-09	524374
1.881971E-09	524674
2.007024E-09	524974
1.993956E-09	525274
2.061553E-09	525574
7.176382E-04	526378
7.197594E-04	526678
7.198015E-04	526980
7.248760E-04	527280
7.229258E-04	527580
7.280204E-04	527880
7.259955E-04	528180
7.256497E-04	528480
7.300581E-04	528780
7.271186E-04	529080
7.292927E-04	529380
7.325441E-04	529680
7.286694E-04	529980
7.335455E-04	530280
7.315408E-04	530580
7.314055E-04	530880
7.351845E-04	531180
7.338694E-04	531480
7.374010E-04	531780
7.387315E-04	532080
7.365603E-04	532380
7.393743E-04	532680
7.383335E-04	532980
7.374705E-04	533280
7.389907E-04	533580
7.394578E-04	533880
7.407999E-04	534180
7.426504E-04	534482
7.389946E-04	534782
7.434635E-04	535082
7.406857E-04	535382
7.379908E-04	535682
7.428202E-04	535982
7.393556E-04	536282
