S130VC	2025-03-26 16:09:54
value unit [W]	time unit [ms]
wavelength	385.000nm
range	AUTO
7.108729E-07	82
7.152481E-07	382
7.117468E-07	682
7.135856E-07	982
7.137962E-07	1282
7.127885E-07	1582
7.112355E-07	1882
7.158560E-07	2182
7.113771E-07	2482
7.092710E-07	2782
7.183478E-07	3082
7.214071E-07	3382
7.158156E-07	3682
7.136190E-07	3982
7.156977E-07	4282
7.127242E-07	4582
7.092613E-07	4882
7.102747E-07	5182
7.099733E-07	5482
7.099880E-07	5782
7.099472E-07	6082
7.109071E-07	6382
7.106020E-07	6682
7.094953E-07	6982
7.095256E-07	7282
7.083208E-07	7582
7.073830E-07	7882
7.083852E-07	8182
7.100894E-07	8482
7.089968E-07	8782
7.083597E-07	9082
7.075577E-07	9382
7.145787E-07	9682
7.115341E-07	9982
7.078265E-07	10282
7.079482E-07	10582
7.062022E-07	10882
7.044428E-07	11182
7.045565E-07	11482
7.062911E-07	11782
1.089780E-07	12082
3.069305E-10	12525
2.969738E-10	12823
2.925805E-10	13125
2.879409E-10	13424
2.842801E-10	13725
2.843443E-10	14023
2.836121E-10	14325
2.828984E-10	14623
2.794938E-10	14926
2.845093E-10	15226
2.794664E-10	15526
2.810040E-10	15826
2.851591E-10	16126
2.838137E-10	16426
2.809308E-10	16726
2.847838E-10	17026
2.869341E-10	17326
2.907963E-10	17626
2.890573E-10	17926
2.905674E-10	18226
2.930199E-10	18526
2.961227E-10	18826
2.963241E-10	19126
2.994993E-10	19426
3.028308E-10	19726
3.026202E-10	20026
3.048529E-10	20326
3.054387E-10	20626
3.103622E-10	20926
3.061985E-10	21226
3.083581E-10	21526
3.086691E-10	21826
3.089621E-10	22126
3.119273E-10	22426
3.136297E-10	22728
3.111217E-10	23028
3.128790E-10	23328
3.117623E-10	23628
3.119089E-10	23928
3.120732E-10	24228
3.123025E-10	24528
3.103803E-10	24828
3.110577E-10	25128
3.104174E-10	25428
3.141781E-10	25728
3.104628E-10	26028
3.138030E-10	26328
3.098589E-10	26628
3.135197E-10	26928
3.111493E-10	27228
3.120644E-10	27528
3.106184E-10	27828
3.120370E-10	28128
3.124854E-10	28428
3.132175E-10	28728
3.122933E-10	29028
3.152947E-10	29328
3.118723E-10	29628
3.148191E-10	29928
3.148005E-10	30233
3.165027E-10	30533
3.153680E-10	30833
3.163198E-10	31133
3.177563E-10	31433
3.138582E-10	31749
3.191475E-10	32051
3.158898E-10	32352
3.141873E-10	32651
3.182324E-10	32951
3.154231E-10	33251
3.137665E-10	33552
3.126959E-10	33852
3.130618E-10	34151
3.136200E-10	34451
3.096755E-10	34751
3.119271E-10	35051
3.083306E-10	35351
3.110486E-10	35652
3.106184E-10	35952
3.121285E-10	36252
3.093188E-10	36552
3.101151E-10	36851
3.116618E-10	37151
3.097948E-10	37451
3.093645E-10	37752
3.102979E-10	38054
3.081016E-10	38354
3.091818E-10	38654
3.085868E-10	38954
3.095478E-10	39254
3.096117E-10	39554
3.091633E-10	39854
3.115884E-10	40154
3.066833E-10	40454
3.095111E-10	40754
3.120185E-10	41054
3.099321E-10	41354
3.099687E-10	41654
4.515841E-10	41954
7.512696E-10	42254
7.845755E-10	42554
8.037285E-10	42854
8.205948E-10	43154
8.281084E-10	43454
8.351462E-10	43754
8.473094E-10	44054
8.542560E-10	44354
8.585927E-10	44654
8.621349E-10	44954
8.680194E-10	45254
8.807400E-10	45556
8.771257E-10	45856
8.854363E-10	46156
8.900944E-10	46456
9.007757E-10	46756
8.922738E-10	47056
9.041146E-10	47356
9.016624E-10	47656
9.049848E-10	47956
9.047281E-10	48256
9.087451E-10	48556
9.098435E-10	48856
9.120301E-10	49156
9.125422E-10	49456
9.122226E-10	49756
9.155724E-10	50056
9.137512E-10	50356
9.112799E-10	50656
9.164594E-10	50956
9.131472E-10	51256
9.108227E-10	51556
1.292947E-09	51856
5.278581E-09	52156
5.310529E-09	52456
5.351874E-09	52756
5.349898E-09	53056
5.346381E-09	53359
5.359838E-09	53659
5.372326E-09	53959
5.377593E-09	54259
5.349052E-09	54559
5.350588E-09	54859
5.324162E-09	55159
5.331455E-09	55459
5.330283E-09	55759
5.306437E-09	56059
5.307489E-09	56359
5.340084E-09	56659
5.351628E-09	56959
5.346270E-09	57259
5.358301E-09	57559
5.360876E-09	57859
5.370060E-09	58159
5.370498E-09	58459
5.369138E-09	58759
5.361229E-09	59059
5.352555E-09	59359
5.343918E-09	59659
5.349974E-09	59959
5.354164E-09	60259
5.353127E-09	60559
5.321489E-09	60859
5.318422E-09	61161
5.308432E-09	61461
5.280445E-09	61761
1.103882E-08	62061
1.287314E-08	62361
1.277269E-08	62673
1.274718E-08	62973
1.275410E-08	63273
1.276871E-08	63574
1.278070E-08	63873
1.278431E-08	64173
1.277480E-08	64473
1.276498E-08	64773
1.274370E-08	65073
1.273847E-08	65373
1.272587E-08	65673
1.270092E-08	65974
1.268325E-08	66273
1.253501E-08	66574
1.260852E-08	66873
1.260148E-08	67173
1.263739E-08	67473
1.262433E-08	67773
1.261882E-08	68073
1.264361E-08	68374
1.265620E-08	68676
1.266645E-08	68976
1.266547E-08	69276
1.271429E-08	69576
1.274426E-08	69876
1.268315E-08	70176
1.267112E-08	70476
1.267308E-08	70776
1.266488E-08	71076
1.268686E-08	71376
1.268158E-08	71676
1.746052E-08	71976
2.311984E-08	72276
2.318056E-08	72576
2.326326E-08	72876
2.329445E-08	73176
2.323515E-08	73476
2.323147E-08	73776
2.319357E-08	74076
2.318715E-08	74376
2.316957E-08	74676
2.317661E-08	74976
2.309913E-08	75276
2.312356E-08	75576
2.312173E-08	75876
2.311779E-08	76176
2.312303E-08	76478
2.314057E-08	76778
2.308575E-08	77078
2.301338E-08	77378
2.312010E-08	77678
2.307591E-08	77978
2.307257E-08	78278
2.305175E-08	78578
2.307749E-08	78878
2.308577E-08	79178
2.310454E-08	79478
2.308396E-08	79778
2.307634E-08	80078
2.307410E-08	80378
2.311139E-08	80678
2.308089E-08	80978
2.308747E-08	81278
2.319363E-08	81578
2.466161E-08	81878
3.349855E-08	82178
3.355885E-08	82478
3.323951E-08	82778
3.324496E-08	83078
3.356002E-08	83378
3.354957E-08	83678
3.355535E-08	83981
3.361619E-08	84280
3.344782E-08	84580
3.341413E-08	84881
3.340541E-08	85180
3.345403E-08	85480
3.348674E-08	85781
3.350725E-08	86081
3.360376E-08	86381
3.358188E-08	86681
3.362571E-08	86980
3.315413E-08	87281
3.343011E-08	87581
3.345006E-08	87881
3.360751E-08	88180
3.375327E-08	88480
3.380729E-08	88780
3.371559E-08	89080
3.372475E-08	89380
3.373586E-08	89681
3.383941E-08	89980
3.373425E-08	90280
3.381883E-08	90580
3.384678E-08	90880
3.377663E-08	91181
3.382223E-08	91480
3.381508E-08	91783
4.357700E-08	92083
4.610813E-08	92383
4.607661E-08	92683
4.585035E-08	92983
4.587713E-08	93283
4.595357E-08	93596
4.594349E-08	93896
4.599669E-08	94196
4.604310E-08	94496
4.608167E-08	94796
4.608303E-08	95096
4.596377E-08	95396
4.605644E-08	95696
4.601190E-08	95996
4.601843E-08	96296
4.601350E-08	96596
4.594424E-08	96896
4.580912E-08	97196
4.587934E-08	97496
4.592902E-08	97796
4.591682E-08	98096
4.588896E-08	98396
4.594854E-08	98696
4.596561E-08	98996
4.596256E-08	99296
4.596110E-08	99599
4.606304E-08	99899
4.604209E-08	100199
4.605226E-08	100499
4.603631E-08	100799
4.589734E-08	101099
4.569798E-08	101399
4.569332E-08	101699
5.176563E-08	101999
5.724059E-08	102299
5.719668E-08	102599
5.716695E-08	102899
5.710348E-08	103199
5.691104E-08	103499
5.698860E-08	103799
5.709590E-08	104099
5.712858E-08	104399
5.717322E-08	104699
5.727174E-08	104999
5.704655E-08	105299
5.717010E-08	105599
5.718310E-08	105899
5.721609E-08	106199
5.709126E-08	106499
5.704778E-08	106801
5.699519E-08	107101
5.707541E-08	107401
5.713461E-08	107701
5.700335E-08	108001
5.702375E-08	108301
5.701981E-08	108601
5.702651E-08	108901
5.706446E-08	109201
5.697943E-08	109501
5.695653E-08	109801
5.701388E-08	110101
5.693441E-08	110401
5.705154E-08	110701
5.699287E-08	111001
5.698626E-08	111301
5.693692E-08	111601
5.918930E-08	111901
6.861745E-08	112201
6.886174E-08	112501
6.886626E-08	112801
6.886219E-08	113101
6.888600E-08	113401
6.895269E-08	113701
6.832418E-08	114001
6.879855E-08	114304
6.883043E-08	114603
6.884157E-08	114903
6.882873E-08	115203
6.867895E-08	115503
6.871329E-08	115803
6.868504E-08	116103
6.865954E-08	116403
6.873049E-08	116704
6.871035E-08	117003
6.871166E-08	117304
6.879664E-08	117603
6.874509E-08	117903
6.834596E-08	118203
6.838200E-08	118504
6.878130E-08	118804
6.874730E-08	119104
6.863775E-08	119404
6.862077E-08	119704
6.854796E-08	120004
6.854359E-08	120304
6.834259E-08	120603
6.848474E-08	120903
6.859148E-08	121203
6.853172E-08	121506
6.846894E-08	121806
7.988260E-08	122106
8.175143E-08	122406
8.183383E-08	122706
8.200832E-08	123006
8.238050E-08	123319
8.238229E-08	123619
8.238200E-08	123919
8.236645E-08	124219
8.232325E-08	124519
8.220427E-08	124819
8.223892E-08	125119
8.194456E-08	125419
8.205886E-08	125719
8.212250E-08	126019
8.213258E-08	126319
8.214064E-08	126619
8.231350E-08	126919
8.235455E-08	127219
8.242824E-08	127519
8.238899E-08	127819
8.239565E-08	128119
8.233374E-08	128419
8.234755E-08	128722
8.246176E-08	129022
8.248045E-08	129322
8.239877E-08	129622
8.231520E-08	129922
8.232016E-08	130222
8.213156E-08	130522
8.225906E-08	130822
8.225291E-08	131122
8.224283E-08	131422
8.222033E-08	131722
8.905824E-08	132022
9.465862E-08	132322
9.460346E-08	132622
9.459824E-08	132922
9.452784E-08	133222
9.437743E-08	133522
9.438870E-08	133822
9.435778E-08	134122
9.452424E-08	134422
9.453625E-08	134722
9.451114E-08	135022
9.451914E-08	135322
9.446789E-08	135622
9.458359E-08	135922
9.454833E-08	136224
9.452867E-08	136525
9.448100E-08	136824
9.433963E-08	137125
9.450789E-08	137424
9.452014E-08	137725
9.441433E-08	138024
9.445009E-08	138325
9.440144E-08	138624
9.427470E-08	138925
9.428007E-08	139224
9.432668E-08	139525
9.443869E-08	139824
9.450180E-08	140125
9.447449E-08	140424
9.422747E-08	140725
9.433317E-08	141024
9.437561E-08	141325
9.434258E-08	141624
9.760461E-08	141925
1.076795E-07	142224
1.077931E-07	142525
1.077695E-07	142824
1.077565E-07	143125
1.075628E-07	143426
1.035309E-07	143726
1.012004E-07	144026
1.007811E-07	144326
1.004881E-07	144626
1.006627E-07	144926
9.999065E-08	145226
1.003885E-07	145526
1.004675E-07	145826
1.010435E-07	146126
1.008477E-07	146426
1.014909E-07	146726
1.010148E-07	147026
1.009291E-07	147326
1.008344E-07	147626
1.010613E-07	147926
1.030652E-07	148226
1.010685E-07	148526
1.010975E-07	148826
1.019537E-07	149126
1.013161E-07	149426
1.022949E-07	149726
1.012219E-07	150026
1.017511E-07	150326
1.023881E-07	150629
1.036635E-07	150929
1.007998E-07	151229
1.011014E-07	151529
1.010553E-07	151829
1.120190E-07	152129
1.145399E-07	152429
1.130072E-07	152742
1.135468E-07	153042
1.136099E-07	153342
1.142070E-07	153642
1.134430E-07	153942
1.136279E-07	154242
1.149625E-07	154542
1.134000E-07	154842
1.134378E-07	155142
1.141295E-07	155442
1.134421E-07	155742
1.142555E-07	156042
1.139814E-07	156342
1.156012E-07	156642
1.134289E-07	156942
1.133412E-07	157242
1.132913E-07	157542
1.135461E-07	157842
1.142177E-07	158144
1.130902E-07	158444
1.158245E-07	158744
1.139521E-07	159044
1.132917E-07	159344
1.135902E-07	159644
1.136027E-07	159944
1.140588E-07	160244
1.135656E-07	160544
1.135021E-07	160844
1.148286E-07	161144
1.136108E-07	161444
1.135445E-07	161744
1.210903E-07	162044
1.268235E-07	162344
1.285272E-07	162644
1.252002E-07	162945
1.273032E-07	163244
1.255398E-07	163545
1.256189E-07	163845
1.263362E-07	164145
1.252978E-07	164444
1.301957E-07	164744
1.263449E-07	165044
1.253972E-07	165347
1.273005E-07	165647
1.250144E-07	165947
1.253764E-07	166247
1.251860E-07	166547
1.252827E-07	166847
1.251434E-07	167147
1.252717E-07	167447
1.255348E-07	167747
1.286392E-07	168047
1.257103E-07	168347
1.251618E-07	168647
1.248641E-07	168947
1.254397E-07	169247
1.254416E-07	169547
1.261141E-07	169847
1.255064E-07	170147
1.257096E-07	170447
1.255368E-07	170747
1.259471E-07	171047
1.296974E-07	171347
1.283592E-07	171647
1.296091E-07	171947
1.384993E-07	172247
1.378276E-07	172547
1.379566E-07	172849
1.379579E-07	173149
1.381969E-07	173449
1.389922E-07	173749
1.387919E-07	174049
1.395973E-07	174349
1.388140E-07	174649
1.386144E-07	174949
1.392732E-07	175249
1.400922E-07	175549
1.390925E-07	175849
1.407559E-07	176149
1.384547E-07	176449
1.395435E-07	176749
1.388160E-07	177049
1.390151E-07	177349
1.416033E-07	177649
1.423362E-07	177949
1.382925E-07	178249
1.386306E-07	178549
1.389724E-07	178849
1.394114E-07	179149
1.393758E-07	179449
1.415045E-07	179749
1.454527E-07	180051
1.449699E-07	180351
1.450266E-07	180651
1.435639E-07	180951
1.384524E-07	181252
1.386644E-07	181551
1.391117E-07	181851
1.499666E-07	182164
1.508723E-07	182465
1.506102E-07	182764
1.509901E-07	183064
1.506008E-07	183364
1.508335E-07	183664
1.510271E-07	183964
1.508306E-07	184264
1.560240E-07	184565
1.567094E-07	184864
1.523448E-07	185165
1.512580E-07	185465
1.509958E-07	185765
1.518692E-07	186065
1.515389E-07	186365
1.513532E-07	186665
1.522500E-07	186964
1.518021E-07	187267
1.515125E-07	187567
1.513220E-07	187867
1.539037E-07	188167
1.523211E-07	188467
1.511068E-07	188767
1.515354E-07	189067
1.510070E-07	189367
1.512091E-07	189667
1.510767E-07	189967
1.511171E-07	190267
1.509444E-07	190567
1.510587E-07	190867
1.513692E-07	191167
1.513301E-07	191467
1.514272E-07	191767
1.604189E-07	192067
1.652935E-07	192367
1.649478E-07	192667
1.650484E-07	192967
1.695067E-07	193267
1.703502E-07	193567
1.703189E-07	193867
1.657349E-07	194167
1.652607E-07	194467
1.651480E-07	194769
1.646291E-07	195069
1.645173E-07	195369
1.643749E-07	195669
1.640765E-07	195969
1.647714E-07	196269
1.652401E-07	196569
1.657175E-07	196869
1.650678E-07	197170
1.661029E-07	197469
1.643081E-07	197769
1.647205E-07	198069
1.647502E-07	198369
1.653288E-07	198670
1.671133E-07	198969
1.652482E-07	199270
1.657855E-07	199570
1.651505E-07	199869
1.647540E-07	200170
1.649425E-07	200469
1.656640E-07	200769
1.642096E-07	201069
1.643706E-07	201369
1.650837E-07	201669
1.684886E-07	201972
1.765321E-07	202272
1.781449E-07	202572
1.760588E-07	202872
1.766810E-07	203172
1.766238E-07	203472
1.771574E-07	203772
1.765963E-07	204072
1.773146E-07	204372
1.768734E-07	204672
1.787589E-07	204972
1.773291E-07	205272
1.769767E-07	205572
1.768438E-07	205872
1.759625E-07	206172
1.765545E-07	206472
1.780075E-07	206772
1.820984E-07	207072
1.776673E-07	207372
1.758851E-07	207672
1.766987E-07	207972
1.782231E-07	208272
1.777239E-07	208572
1.770213E-07	208872
1.781032E-07	209174
1.770937E-07	209474
1.765926E-07	209774
1.767823E-07	210074
1.770701E-07	210374
1.765330E-07	210674
1.784336E-07	210974
1.764181E-07	211274
1.749926E-07	211586
1.785515E-07	211886
1.903058E-07	212186
1.930112E-07	212486
1.923519E-07	212786
1.922460E-07	213086
1.922101E-07	213386
1.920446E-07	213686
1.928013E-07	213986
1.943012E-07	214286
1.924467E-07	214586
1.926663E-07	214886
1.934780E-07	215186
1.925527E-07	215486
1.908284E-07	215786
1.919339E-07	216086
1.914419E-07	216386
1.920466E-07	216689
1.920539E-07	216989
1.931885E-07	217289
1.917520E-07	217589
1.917866E-07	217889
1.913769E-07	218189
1.918593E-07	218489
1.931937E-07	218789
1.928168E-07	219089
1.932997E-07	219389
1.930518E-07	219689
1.928862E-07	219989
1.935918E-07	220289
1.919126E-07	220589
1.930222E-07	220889
1.920236E-07	221189
1.931043E-07	221489
1.920643E-07	221789
2.032022E-07	222089
2.079660E-07	222389
2.093722E-07	222689
2.080746E-07	222989
2.080781E-07	223289
2.121799E-07	223589
2.119780E-07	223891
2.068221E-07	224191
2.062818E-07	224491
2.063065E-07	224791
2.061618E-07	225091
2.073517E-07	225391
2.071395E-07	225691
2.063933E-07	225991
2.070864E-07	226291
2.070694E-07	226591
2.073637E-07	226891
2.072446E-07	227191
2.075148E-07	227491
2.073197E-07	227791
2.077852E-07	228091
2.076970E-07	228391
2.073524E-07	228691
2.068714E-07	228991
2.072311E-07	229291
2.087252E-07	229591
2.071117E-07	229891
2.111976E-07	230191
2.097652E-07	230491
2.086321E-07	230791
2.073697E-07	231091
2.067525E-07	231394
2.064194E-07	231694
2.134564E-07	231994
2.253944E-07	232294
2.246647E-07	232594
2.243783E-07	232894
2.230667E-07	233194
2.246762E-07	233494
2.213053E-07	233794
2.221562E-07	234094
2.246081E-07	234394
2.214686E-07	234694
2.223795E-07	234994
2.259105E-07	235294
2.281111E-07	235594
2.247520E-07	235894
2.199405E-07	236194
2.205127E-07	236494
2.206714E-07	236794
2.197895E-07	237094
2.200978E-07	237394
2.206566E-07	237694
1.954254E-07	237994
1.824203E-07	238294
1.822996E-07	238596
1.845079E-07	238896
1.953818E-07	239196
1.813010E-07	239496
1.812093E-07	239796
1.866293E-07	240096
1.864790E-07	240396
2.061906E-07	240696
1.964318E-07	241009
1.823319E-07	241309
1.864467E-07	241609
2.263581E-07	241909
2.459232E-07	242209
2.387362E-07	242509
2.497084E-07	242809
2.492177E-07	243109
2.510150E-07	243409
2.527576E-07	243709
2.530226E-07	244009
2.557454E-07	244309
2.551600E-07	244609
2.558377E-07	244909
2.591106E-07	245209
2.603813E-07	245509
2.603575E-07	245812
2.604123E-07	246112
2.595277E-07	246412
2.623299E-07	246712
2.608396E-07	247012
2.637919E-07	247312
2.621886E-07	247612
2.643636E-07	247912
2.641442E-07	248212
2.637131E-07	248512
2.637418E-07	248812
2.663972E-07	249112
2.658504E-07	249412
2.638666E-07	249712
2.672412E-07	250012
2.701472E-07	250312
2.681475E-07	250612
2.671920E-07	250912
2.658846E-07	251212
2.674611E-07	251512
2.658521E-07	251812
2.824899E-07	252112
2.893875E-07	252412
2.885106E-07	252712
2.815461E-07	253012
2.840986E-07	253314
2.860831E-07	253614
2.873543E-07	253914
2.873097E-07	254214
2.894387E-07	254514
2.880742E-07	254814
2.900678E-07	255114
2.877077E-07	255414
2.853081E-07	255714
2.844610E-07	256014
2.890080E-07	256314
2.974706E-07	256614
2.920422E-07	256914
2.849499E-07	257214
2.875501E-07	257514
2.867305E-07	257814
2.857345E-07	258114
2.901633E-07	258414
2.891894E-07	258714
2.874925E-07	259014
2.856619E-07	259314
2.849475E-07	259614
2.843283E-07	259914
2.240114E-07	260214
2.059880E-07	260516
2.039157E-07	260816
2.044448E-07	261116
2.039804E-07	261416
2.048433E-07	261716
2.190029E-07	262016
2.453750E-07	262316
2.379056E-07	262616
2.245594E-07	262916
2.253729E-07	263216
2.356850E-07	263516
2.262854E-07	263816
2.273270E-07	264116
2.220274E-07	264416
2.215617E-07	264716
2.161371E-07	265016
2.174788E-07	265316
2.143076E-07	265616
2.149600E-07	265916
2.168901E-07	266216
2.132340E-07	266516
2.489066E-07	266816
2.767738E-07	267116
2.088326E-07	267416
2.076767E-07	267716
2.082105E-07	268019
2.103572E-07	268319
2.139014E-07	268619
2.120454E-07	268919
2.081973E-07	269219
2.066060E-07	269519
2.067059E-07	269819
2.056523E-07	270119
2.074162E-07	270431
2.079474E-07	270731
2.085084E-07	271031
2.077646E-07	271331
2.063095E-07	271631
2.083060E-07	271931
2.191540E-07	272231
2.205327E-07	272531
2.192586E-07	272831
2.228021E-07	273131
2.188784E-07	273431
2.160936E-07	273731
2.184965E-07	274031
2.186466E-07	274331
2.203386E-07	274631
2.264902E-07	274931
2.283295E-07	275234
2.265072E-07	275534
2.256959E-07	275834
2.254954E-07	276134
2.198107E-07	276434
2.201169E-07	276734
2.246930E-07	277034
2.259310E-07	277334
2.159453E-07	277634
2.163587E-07	277934
2.167308E-07	278234
2.183963E-07	278534
2.205990E-07	278834
2.210437E-07	279134
2.178910E-07	279434
2.191181E-07	279734
2.180351E-07	280034
2.172942E-07	280334
2.205543E-07	280634
2.193888E-07	280934
2.192929E-07	281234
2.229240E-07	281534
2.178958E-07	281834
2.291988E-07	282134
2.382678E-07	282436
2.399184E-07	282736
2.384746E-07	283036
2.358788E-07	283336
2.339162E-07	283636
2.324751E-07	283936
2.328395E-07	284236
2.324470E-07	284536
2.334545E-07	284836
2.323984E-07	285136
2.314370E-07	285436
2.328215E-07	285736
2.329170E-07	286036
2.311500E-07	286336
2.325886E-07	286636
2.508039E-07	286936
2.303253E-07	287236
2.301223E-07	287536
2.304866E-07	287836
2.295416E-07	288136
2.292598E-07	288436
2.290774E-07	288736
2.281809E-07	289036
2.299741E-07	289336
2.292779E-07	289636
2.293600E-07	289939
2.296293E-07	290239
2.301884E-07	290539
2.308768E-07	290839
2.343511E-07	291139
2.316783E-07	291439
2.354681E-07	291739
2.405097E-07	292039
2.464625E-07	292339
2.449599E-07	292639
2.462790E-07	292939
2.459957E-07	293239
2.618519E-07	293539
2.494636E-07	293839
2.460150E-07	294139
2.906550E-07	294439
2.463896E-07	294739
2.446237E-07	295039
2.449391E-07	295339
2.445016E-07	295639
2.452153E-07	295939
2.474998E-07	296239
2.490134E-07	296539
2.494855E-07	296839
2.466869E-07	297141
2.450578E-07	297441
2.465821E-07	297741
2.455431E-07	298041
2.455278E-07	298341
2.441042E-07	298641
2.441246E-07	298941
2.437309E-07	299241
2.440840E-07	299541
2.455978E-07	299853
2.501147E-07	300154
2.503411E-07	300453
2.535309E-07	300753
2.506772E-07	301054
3.033717E-07	301353
2.543782E-07	301653
2.641125E-07	301954
2.628946E-07	302253
2.637627E-07	302553
2.561737E-07	302854
2.556414E-07	303153
2.554397E-07	303453
2.560606E-07	303753
2.557789E-07	304053
2.554975E-07	304356
2.544721E-07	304656
2.545093E-07	304956
2.553021E-07	305256
2.558070E-07	305556
2.564423E-07	305856
2.569152E-07	306156
2.550983E-07	306456
2.570708E-07	306756
2.560003E-07	307056
2.552945E-07	307356
2.556285E-07	307656
2.568369E-07	307956
2.569258E-07	308256
2.566190E-07	308556
2.562830E-07	308856
2.558634E-07	309156
2.559700E-07	309456
2.557797E-07	309756
2.560184E-07	310056
2.557624E-07	310356
2.588404E-07	310656
2.559248E-07	310956
2.764564E-07	311256
2.674105E-07	311556
2.664496E-07	311858
2.768362E-07	312158
2.824179E-07	312458
2.806489E-07	312758
2.767355E-07	313058
2.822111E-07	313358
2.804618E-07	313658
3.035200E-07	313958
2.756085E-07	314258
2.753201E-07	314558
2.727203E-07	314859
2.728672E-07	315158
2.725213E-07	315458
2.720410E-07	315758
2.714689E-07	316058
3.029168E-07	316358
2.731905E-07	316658
2.763950E-07	316958
2.924775E-07	317258
3.013147E-07	317558
3.233686E-07	317859
2.819116E-07	318159
3.605647E-07	318458
3.690083E-07	318947
3.659666E-07	319250
3.596593E-07	319550
3.193855E-07	319850
2.912680E-07	320341
3.022797E-07	320641
3.484563E-07	320941
3.626590E-07	321508
3.595794E-07	321808
3.727617E-07	322108
3.792641E-07	322408
3.792980E-07	322708
3.788429E-07	323008
3.798393E-07	323308
3.777078E-07	323608
3.776495E-07	323908
3.729835E-07	324208
2.900569E-07	324883
2.887763E-07	325183
2.900090E-07	325483
3.012591E-07	325783
3.111836E-07	326235
3.165726E-07	326803
3.109887E-07	327102
2.975354E-07	327403
2.960667E-07	327702
2.975787E-07	328005
3.025000E-07	328305
3.000074E-07	328605
3.068999E-07	328905
2.915070E-07	329205
2.933077E-07	329505
2.967206E-07	329805
2.997379E-07	330105
2.971087E-07	330405
2.998192E-07	330717
2.961253E-07	331018
2.941741E-07	331317
2.895353E-07	331617
2.905828E-07	331917
2.981407E-07	332218
2.973427E-07	332517
3.404501E-07	332972
3.273609E-07	333522
3.364654E-07	334111
3.467700E-07	334411
3.106024E-07	334711
3.179148E-07	335714
3.182899E-07	336014
3.160549E-07	336314
3.721828E-07	337303
3.414748E-07	337603
3.283409E-07	337903
3.283514E-07	338204
3.885904E-07	338503
3.550675E-07	338803
3.166201E-07	339104
3.500446E-07	339403
3.582555E-07	339703
3.575648E-07	340003
2.963166E-07	340682
2.955526E-07	340982
2.949886E-07	341281
2.952142E-07	341582
3.028520E-07	341881
3.167095E-07	342535
3.192695E-07	343287
3.307252E-07	344349
3.095186E-07	344984
3.111115E-07	345283
3.114220E-07	345583
3.127139E-07	345884
3.194224E-07	346183
3.155035E-07	346484
3.134780E-07	346786
3.144043E-07	347086
3.156738E-07	347386
3.164344E-07	347686
3.182932E-07	347986
3.174214E-07	348286
3.690687E-07	349574
3.421777E-07	349875
3.303543E-07	350174
3.177840E-07	350689
3.118231E-07	350989
3.128734E-07	351289
3.127066E-07	351589
3.139614E-07	351889
3.283691E-07	352190
3.293253E-07	352490
3.318718E-07	352789
3.310822E-07	353090
3.312713E-07	353390
3.328887E-07	353689
3.331794E-07	353989
3.322906E-07	354289
3.319832E-07	354589
3.322330E-07	354889
3.306723E-07	355189
3.502471E-07	355755
3.328105E-07	356055
3.449956E-07	356356
3.377501E-07	356656
3.274833E-07	356955
3.325654E-07	357629
3.597684E-07	358232
4.441901E-07	358532
3.534551E-07	358832
3.526286E-07	359132
3.773052E-07	359432
3.483621E-07	359732
3.607690E-07	360032
3.572917E-07	360332
3.673944E-07	360632
3.398110E-07	360933
3.286718E-07	361631
3.309426E-07	361931
3.490443E-07	362415
3.552560E-07	362715
3.645179E-07	363015
3.496729E-07	363315
3.761236E-07	363615
4.009262E-07	363915
4.639731E-07	364218
3.600883E-07	364518
3.551736E-07	364818
3.454272E-07	365118
3.406325E-07	365418
3.384742E-07	365718
3.374466E-07	366018
3.377538E-07	366318
3.381984E-07	366618
3.349530E-07	366918
3.425244E-07	367231
3.699072E-07	367531
4.459714E-07	367831
3.592524E-07	368131
3.525553E-07	368431
3.503647E-07	368731
3.583896E-07	369031
3.477444E-07	369331
3.484797E-07	369631
3.561387E-07	369931
3.580974E-07	370231
3.701343E-07	370531
3.541317E-07	370831
3.556165E-07	371131
4.237632E-07	371433
3.743694E-07	371733
3.699308E-07	372033
3.711851E-07	372333
3.700966E-07	372633
3.837197E-07	372933
4.094823E-07	373233
3.759868E-07	373533
3.733756E-07	373833
3.716155E-07	374133
3.698881E-07	374433
3.725447E-07	374733
3.875159E-07	375033
3.691482E-07	375333
3.658739E-07	375633
3.766240E-07	375933
3.693890E-07	376233
3.671804E-07	376533
3.723420E-07	376833
3.636519E-07	377133
4.411083E-07	377433
3.758115E-07	377733
3.621225E-07	378033
3.924575E-07	378333
4.183924E-07	378633
3.822217E-07	378936
3.826292E-07	379236
3.867522E-07	379536
4.248091E-07	379836
4.051897E-07	380136
3.875737E-07	380436
3.824041E-07	380736
3.770686E-07	381036
3.772147E-07	381336
3.842447E-07	381636
4.230977E-07	381936
4.157864E-07	382236
4.495077E-07	382536
4.119592E-07	382836
4.237266E-07	383136
3.981206E-07	383436
4.281115E-07	383736
4.166181E-07	384036
3.937260E-07	384336
3.941013E-07	384636
3.888839E-07	384936
3.924660E-07	385236
3.900159E-07	385536
3.905187E-07	385836
3.876816E-07	386138
3.835156E-07	386438
4.008289E-07	386738
4.304969E-07	387038
3.982119E-07	387338
3.777120E-07	387638
3.705878E-07	387938
3.728741E-07	388238
4.322611E-07	388538
3.953804E-07	388838
4.007861E-07	389138
3.828626E-07	389438
4.003943E-07	389738
4.262072E-07	390038
4.243127E-07	390338
3.800020E-07	390638
3.803782E-07	390938
3.838553E-07	391238
3.903893E-07	391538
3.782941E-07	391838
3.879909E-07	392138
3.935695E-07	392438
3.913497E-07	392738
3.875830E-07	393038
3.851770E-07	393338
3.852423E-07	393640
3.918624E-07	393940
3.921021E-07	394240
3.938848E-07	394540
3.913368E-07	394840
3.957022E-07	395140
4.046519E-07	395440
3.959769E-07	395740
4.090901E-07	396040
4.046499E-07	396340
4.078574E-07	396653
4.058588E-07	396953
4.091519E-07	397253
4.765886E-07	397553
3.991687E-07	397853
3.976139E-07	398153
4.021636E-07	398453
4.270620E-07	398753
4.110780E-07	399053
4.040816E-07	399353
4.207171E-07	399653
4.109873E-07	399953
4.155594E-07	400253
4.210602E-07	400553
4.299037E-07	400856
4.033087E-07	401156
4.053028E-07	401456
4.036291E-07	401756
4.686368E-07	402056
4.347695E-07	402356
4.188879E-07	402656
4.173174E-07	402956
4.148143E-07	403256
4.161327E-07	403556
4.130741E-07	403856
4.117577E-07	404156
4.134766E-07	404456
4.105674E-07	404756
4.162119E-07	405056
4.138777E-07	405356
4.073483E-07	405656
4.083994E-07	405956
4.103264E-07	406256
4.110763E-07	406556
4.120498E-07	406856
4.048275E-07	407156
4.106796E-07	407456
4.112441E-07	407756
4.131478E-07	408058
4.130148E-07	408358
4.141796E-07	408658
4.128365E-07	408958
4.116739E-07	409258
4.105637E-07	409558
4.112240E-07	409858
4.117405E-07	410158
4.152265E-07	410458
4.161345E-07	410758
4.110722E-07	411058
4.131124E-07	411358
4.018298E-07	411658
4.096813E-07	411958
4.259878E-07	412258
4.358021E-07	412558
4.400278E-07	412858
4.344744E-07	413158
4.230756E-07	413458
4.312863E-07	413758
4.351147E-07	414058
4.376138E-07	414358
4.443133E-07	414658
4.232514E-07	414958
4.423385E-07	415258
4.467627E-07	415560
4.682527E-07	415860
4.264671E-07	416160
4.281939E-07	416460
4.320650E-07	416760
4.250630E-07	417060
4.251129E-07	417360
4.265421E-07	417660
4.249053E-07	417960
4.245675E-07	418260
4.199239E-07	418560
4.258679E-07	418860
4.251537E-07	419160
4.239418E-07	419460
4.243316E-07	419760
4.204223E-07	420060
4.261028E-07	420360
4.253459E-07	420660
4.266363E-07	420960
4.298068E-07	421260
4.277398E-07	421560
4.282547E-07	421860
4.379582E-07	422160
4.444913E-07	422460
4.457106E-07	422763
4.430602E-07	423063
4.445683E-07	423363
4.372075E-07	423663
4.300946E-07	423963
4.353643E-07	424263
4.346045E-07	424563
4.332629E-07	424863
4.321966E-07	425163
4.314098E-07	425463
4.306323E-07	425763
4.273109E-07	426076
4.294920E-07	426376
4.358135E-07	426676
4.366587E-07	426976
4.312698E-07	427276
4.325483E-07	427576
4.351386E-07	427876
4.336830E-07	428176
4.328581E-07	428476
4.326535E-07	428776
4.298451E-07	429076
4.338330E-07	429376
4.344990E-07	429676
4.323763E-07	429976
4.305106E-07	430279
4.301785E-07	430579
4.391968E-07	430879
4.457754E-07	431179
4.470206E-07	431479
4.469379E-07	431779
4.519983E-07	432079
4.641182E-07	432379
4.641554E-07	432679
4.647369E-07	432979
4.649836E-07	433279
4.653873E-07	433579
4.655033E-07	433879
4.663483E-07	434179
4.673733E-07	434479
4.637153E-07	434779
4.622603E-07	435079
4.634606E-07	435379
4.624606E-07	435679
4.628659E-07	435979
4.661346E-07	436279
4.595818E-07	436579
4.687901E-07	436879
4.645873E-07	437179
4.485402E-07	437481
4.487221E-07	437781
4.483968E-07	438081
4.491219E-07	438381
4.483284E-07	438681
4.474550E-07	438981
4.477858E-07	439281
4.474429E-07	439581
4.478805E-07	439881
4.475142E-07	440181
4.513199E-07	440481
4.519753E-07	440781
4.505910E-07	441081
4.553671E-07	441381
4.625179E-07	441681
4.606134E-07	441981
4.687064E-07	442281
4.716048E-07	442581
4.679900E-07	442881
4.687104E-07	443181
4.694748E-07	443481
4.696182E-07	443781
4.659215E-07	444081
4.655858E-07	444381
4.661050E-07	444683
4.686626E-07	444983
4.742255E-07	445283
4.731269E-07	445583
4.681804E-07	445883
4.671049E-07	446183
4.729905E-07	446483
4.697999E-07	446783
4.703513E-07	447083
4.705171E-07	447383
4.863723E-07	447683
5.281263E-07	447983
4.804336E-07	448283
4.796734E-07	448583
4.764474E-07	448883
4.703777E-07	449183
4.692060E-07	449483
4.682544E-07	449783
4.682904E-07	450083
4.684638E-07	450383
4.695584E-07	450683
4.729051E-07	450983
4.714736E-07	451283
5.087123E-07	451583
4.712561E-07	451883
4.806735E-07	452186
4.860797E-07	452486
4.847902E-07	452786
4.904814E-07	453086
5.167683E-07	453386
5.221731E-07	453686
4.984998E-07	453986
4.897411E-07	454286
4.901387E-07	454586
5.270036E-07	454886
5.496332E-07	455186
5.546255E-07	455499
4.881784E-07	455799
4.891700E-07	456099
5.334079E-07	456399
5.053535E-07	456699
4.916491E-07	456999
4.849718E-07	457299
4.947690E-07	457599
5.002898E-07	457899
5.017239E-07	458199
4.974042E-07	458499
5.002207E-07	458799
5.134117E-07	459099
5.134825E-07	459402
4.933765E-07	459702
4.883451E-07	460002
4.882918E-07	460302
4.908813E-07	460602
4.912424E-07	460902
4.940148E-07	461202
5.538037E-07	461502
5.089544E-07	461802
5.197377E-07	462102
5.219576E-07	462402
5.210177E-07	462702
5.176857E-07	463002
5.165537E-07	463302
5.151368E-07	463602
5.190248E-07	463902
5.170717E-07	464202
5.166200E-07	464502
5.197734E-07	464802
5.168612E-07	465102
5.263216E-07	465402
5.389984E-07	465702
5.252242E-07	466002
5.198288E-07	466302
5.207525E-07	466604
5.215837E-07	466904
5.094596E-07	467204
4.984862E-07	467504
4.993613E-07	467804
4.973564E-07	468104
4.989078E-07	468404
5.066973E-07	468704
5.118420E-07	469004
5.203109E-07	469304
4.885518E-07	469604
4.877987E-07	469904
4.874809E-07	470204
4.893251E-07	470504
4.898626E-07	470804
4.900355E-07	471104
4.914594E-07	471404
4.902463E-07	471704
4.948411E-07	472004
5.077601E-07	472304
5.091817E-07	472604
5.128594E-07	472904
5.264261E-07	473204
5.242621E-07	473504
5.636383E-07	473804
5.717551E-07	474106
5.338214E-07	474406
5.175752E-07	474706
5.077543E-07	475006
5.141159E-07	475306
5.148214E-07	475606
5.077383E-07	475906
5.190298E-07	476206
5.141015E-07	476506
5.116688E-07	476806
5.137787E-07	477106
5.148062E-07	477406
5.149508E-07	477706
5.144254E-07	478006
5.279252E-07	478307
5.158369E-07	478606
5.120866E-07	478906
5.124805E-07	479206
5.115981E-07	479506
5.159206E-07	479806
5.162633E-07	480106
5.147459E-07	480406
5.145769E-07	480706
5.208655E-07	481006
5.480468E-07	481311
5.645199E-07	481611
5.180955E-07	481911
5.472019E-07	482211
5.744083E-07	482511
5.878012E-07	482811
5.607397E-07	483111
5.586740E-07	483411
5.555077E-07	483711
5.603883E-07	484011
5.598515E-07	484311
5.533141E-07	484611
5.473922E-07	484926
5.513117E-07	485226
5.562134E-07	485526
5.538914E-07	485826
5.543942E-07	486126
5.574854E-07	486426
5.624333E-07	486726
5.696126E-07	487026
5.677146E-07	487326
5.705259E-07	487626
5.789225E-07	487926
5.748502E-07	488226
5.778488E-07	488526
6.240833E-07	488829
5.899950E-07	489129
5.896621E-07	489429
5.998070E-07	489729
6.074059E-07	490029
5.789993E-07	490329
5.409403E-07	490629
5.233686E-07	490929
6.095933E-07	491229
5.933558E-07	491529
5.832110E-07	491829
5.992233E-07	492129
6.078919E-07	492429
6.145181E-07	492729
6.275354E-07	493029
6.177697E-07	493329
6.132142E-07	493629
6.207326E-07	493929
6.159701E-07	494229
6.108269E-07	494529
6.136053E-07	494829
5.781729E-07	495129
5.715091E-07	495429
5.781558E-07	495729
5.975963E-07	496031
5.863893E-07	496331
5.753244E-07	496631
6.029247E-07	496931
5.842725E-07	497231
5.910813E-07	497531
6.044340E-07	497831
5.972899E-07	498131
5.786601E-07	498431
5.776529E-07	498731
5.662638E-07	499031
5.763376E-07	499331
5.310065E-07	499631
5.406314E-07	499931
5.652051E-07	500231
5.638662E-07	500531
5.687960E-07	500831
5.637457E-07	501131
5.735094E-07	501431
5.938684E-07	501731
6.036287E-07	502031
6.074601E-07	502331
6.002549E-07	502631
5.737235E-07	502931
5.981285E-07	503233
5.900101E-07	503533
5.554999E-07	503833
5.453148E-07	504133
5.550090E-07	504434
6.054241E-07	504734
5.917547E-07	505033
5.926674E-07	505334
5.949077E-07	505633
5.823502E-07	505933
5.970783E-07	506233
5.941092E-07	506533
6.026111E-07	506834
5.820731E-07	507133
5.923046E-07	507433
6.252096E-07	507733
5.810469E-07	508033
5.787815E-07	508333
5.726066E-07	508633
5.798742E-07	508933
5.968064E-07	509233
5.850358E-07	509533
5.822524E-07	509833
5.837302E-07	510133
6.002449E-07	510434
5.950219E-07	510736
5.940007E-07	511036
5.520521E-07	511336
5.770862E-07	511636
5.786939E-07	511936
5.973400E-07	512236
5.982794E-07	512536
5.999711E-07	512836
5.849165E-07	513136
5.874005E-07	513436
5.758367E-07	513736
5.793160E-07	514036
5.829347E-07	514348
5.884502E-07	514648
5.939989E-07	514948
5.945598E-07	515248
6.164005E-07	515548
6.048028E-07	515848
6.237048E-07	516148
6.141975E-07	516448
6.109576E-07	516749
5.982164E-07	517048
5.985443E-07	517348
6.000818E-07	517648
5.912860E-07	517951
6.052738E-07	518251
5.970619E-07	518551
6.188795E-07	518851
6.166165E-07	519151
6.080942E-07	519451
5.959788E-07	519751
6.076995E-07	520051
6.148746E-07	520351
6.000911E-07	520651
6.114272E-07	520951
5.940732E-07	521251
6.369772E-07	521551
5.747350E-07	521851
6.014853E-07	522151
6.044560E-07	522451
6.078722E-07	522751
6.098973E-07	523051
6.041062E-07	523351
5.991325E-07	523651
6.097678E-07	523951
6.194153E-07	524251
6.109411E-07	524551
6.166462E-07	524851
6.214735E-07	525153
6.187386E-07	525453
6.152119E-07	525753
5.779984E-07	526053
5.743016E-07	526353
5.719718E-07	526653
5.716350E-07	526953
5.729854E-07	527253
5.698471E-07	527553
5.689007E-07	527853
5.721683E-07	528153
5.716673E-07	528453
5.719129E-07	528753
5.719876E-07	529053
5.721170E-07	529353
5.727346E-07	529653
5.749229E-07	529953
5.763754E-07	530253
5.747891E-07	530553
5.766711E-07	530853
5.793671E-07	531153
5.897248E-07	531453
5.903499E-07	531753
6.056405E-07	532053
6.166419E-07	532353
6.142004E-07	532656
6.303346E-07	532956
6.713378E-07	533256
6.669426E-07	533556
6.137487E-07	533856
6.257452E-07	534156
7.130099E-07	534456
6.522306E-07	534756
6.709927E-07	535056
6.489475E-07	535356
6.458043E-07	535656
6.453354E-07	535956
6.431353E-07	536256
7.111012E-07	536556
7.083384E-07	536856
6.474569E-07	537156
5.979722E-07	537456
6.320273E-07	537756
6.083877E-07	538056
6.416557E-07	538356
6.533037E-07	538656
6.140209E-07	538956
6.178433E-07	539256
6.230450E-07	539556
6.246970E-07	539858
6.290290E-07	540158
6.237638E-07	540458
6.945451E-07	540758
6.714914E-07	541058
5.991055E-07	541358
6.048642E-07	541658
6.156205E-07	541958
6.336154E-07	542258
6.474573E-07	542558
6.589235E-07	542858
6.693064E-07	543158
6.767441E-07	543458
7.776994E-07	543771
7.040630E-07	544071
7.183962E-07	544371
7.106273E-07	544671
7.063725E-07	544971
7.201131E-07	545271
7.020972E-07	545571
6.784144E-07	545871
6.348617E-07	546171
6.268727E-07	546471
6.440990E-07	546771
6.571833E-07	547071
6.543133E-07	547374
6.594056E-07	547673
6.474526E-07	547973
6.333711E-07	548273
6.325082E-07	548574
6.496804E-07	548873
6.438412E-07	549173
6.621569E-07	549473
6.583740E-07	549774
6.595238E-07	550073
6.624682E-07	550373
6.650242E-07	550673
6.626755E-07	550973
6.664013E-07	551273
6.766999E-07	551574
6.679640E-07	551873
6.886689E-07	552174
6.835340E-07	552473
6.621711E-07	552773
6.613375E-07	553073
6.655939E-07	553373
6.684754E-07	553673
6.554716E-07	553973
6.649096E-07	554273
6.547757E-07	554576
6.566437E-07	554876
6.641898E-07	555176
6.743254E-07	555476
6.738892E-07	555776
6.698391E-07	556076
6.735859E-07	556376
6.764819E-07	556676
7.172470E-07	556976
6.927556E-07	557276
6.920963E-07	557576
6.819175E-07	557876
6.561994E-07	558176
6.770886E-07	558476
6.621264E-07	558776
6.640358E-07	559076
6.663664E-07	559376
6.648758E-07	559676
6.824735E-07	559976
6.599815E-07	560276
6.637225E-07	560576
6.662215E-07	560876
6.612789E-07	561176
6.605425E-07	561476
6.593791E-07	561778
6.716946E-07	562078
6.802234E-07	562378
6.951214E-07	562678
7.096705E-07	562978
7.055557E-07	563278
6.958621E-07	563578
6.689386E-07	563878
6.711187E-07	564178
6.625472E-07	564478
6.637098E-07	564778
6.712416E-07	565078
6.692800E-07	565378
6.676206E-07	565678
6.711800E-07	565978
6.674734E-07	566278
6.705220E-07	566578
6.702872E-07	566878
6.618333E-07	567178
6.742771E-07	567478
6.489578E-07	567778
6.473278E-07	568078
6.420868E-07	568378
6.437800E-07	568678
6.525028E-07	568978
6.554403E-07	569280
6.529377E-07	569580
6.519159E-07	569880
6.497867E-07	570180
6.543887E-07	570480
6.615739E-07	570780
6.669640E-07	571080
6.571580E-07	571380
6.524359E-07	571680
6.555084E-07	571980
6.740259E-07	572281
6.737030E-07	572581
6.716314E-07	572880
6.757231E-07	573193
6.724341E-07	573493
6.755759E-07	573793
6.744564E-07	574093
6.731040E-07	574393
6.729928E-07	574693
6.739870E-07	574993
6.746256E-07	575293
6.723062E-07	575593
6.708746E-07	575893
6.763097E-07	576193
6.765094E-07	576496
6.753983E-07	576796
6.740751E-07	577096
6.721541E-07	577396
6.786062E-07	577696
6.713267E-07	577996
6.857729E-07	578296
6.956121E-07	578596
6.956241E-07	578896
6.945284E-07	579196
7.311498E-07	579496
6.758764E-07	579796
6.713938E-07	580096
6.707397E-07	580396
6.723703E-07	580696
6.753070E-07	580996
6.815436E-07	581296
6.770669E-07	581596
6.764674E-07	581896
6.882891E-07	582196
6.966231E-07	582496
6.932138E-07	582796
7.132891E-07	583096
7.157061E-07	583396
6.944286E-07	583696
7.024570E-07	583998
6.986126E-07	584298
6.938549E-07	584598
6.998674E-07	584898
6.987844E-07	585198
6.988194E-07	585498
7.027123E-07	585798
7.016762E-07	586098
6.969087E-07	586398
6.975695E-07	586698
6.940284E-07	586998
6.966960E-07	587298
6.963428E-07	587598
7.132631E-07	587898
6.974400E-07	588198
6.974576E-07	588498
6.971256E-07	588798
6.949743E-07	589098
6.988769E-07	589398
6.999433E-07	589698
6.963251E-07	589998
7.032442E-07	590298
7.043367E-07	590598
7.023530E-07	590898
7.041802E-07	591200
7.031228E-07	591500
7.066229E-07	591800
7.123371E-07	592100
7.210159E-07	592400
7.299323E-07	592700
7.439058E-07	593000
7.682441E-07	593300
7.390200E-07	593600
7.334373E-07	593900
7.265275E-07	594200
7.312138E-07	594500
7.290307E-07	594800
7.246225E-07	595100
7.381806E-07	595400
7.368303E-07	595700
7.146219E-07	596000
7.220800E-07	596300
7.186812E-07	596600
7.100135E-07	596900
7.111556E-07	597200
7.175139E-07	597500
7.074593E-07	597800
7.136645E-07	598100
7.133789E-07	598403
7.213384E-07	598703
7.110427E-07	599003
7.178091E-07	599303
7.216816E-07	599603
7.113472E-07	599903
7.088292E-07	600203
7.027946E-07	600503
6.991023E-07	600803
7.080105E-07	601103
7.084061E-07	601403
7.075452E-07	601703
7.084234E-07	602003
7.186683E-07	602303
7.299217E-07	602616
7.228179E-07	602916
7.311548E-07	603216
7.313302E-07	603516
7.272107E-07	603816
7.313719E-07	604116
7.375950E-07	604416
7.367566E-07	604716
7.372169E-07	605016
7.512179E-07	605316
7.740544E-07	605616
8.006589E-07	605919
7.596622E-07	606219
7.354662E-07	606519
7.517023E-07	606819
7.660149E-07	607119
7.729625E-07	607419
7.382424E-07	607719
7.141599E-07	608019
7.344619E-07	608319
7.516269E-07	608619
7.283098E-07	608919
7.239791E-07	609219
7.281735E-07	609519
7.681736E-07	609819
7.303260E-07	610119
7.369446E-07	610419
7.302373E-07	610719
7.330888E-07	611019
7.314824E-07	611319
7.326947E-07	611619
7.377948E-07	611919
7.848171E-07	612219
7.731268E-07	612519
7.581644E-07	612819
7.466774E-07	613121
7.431522E-07	613421
7.505333E-07	613721
7.523422E-07	614021
7.517290E-07	614321
7.520874E-07	614621
7.756635E-07	614921
7.750393E-07	615221
7.526431E-07	615521
7.713014E-07	615821
7.416065E-07	616121
7.425759E-07	616421
7.634150E-07	616721
7.450085E-07	617021
7.395701E-07	617321
7.417149E-07	617621
7.397964E-07	617921
7.434691E-07	618221
7.440037E-07	618521
7.418708E-07	618821
7.421706E-07	619121
7.420105E-07	619421
7.449025E-07	619721
7.438825E-07	620021
7.503659E-07	620325
7.559117E-07	620623
7.564996E-07	620925
7.461004E-07	621223
7.494448E-07	621525
7.511849E-07	621824
7.618880E-07	622125
7.714324E-07	622423
7.732015E-07	622725
7.720070E-07	623023
7.786209E-07	623325
7.768500E-07	623623
7.619353E-07	623925
7.665620E-07	624224
7.608342E-07	624525
7.560501E-07	624823
7.671838E-07	625125
7.625878E-07	625423
7.591594E-07	625725
7.617567E-07	626023
7.637892E-07	626325
7.680687E-07	626623
7.689927E-07	626925
7.688532E-07	627223
7.748760E-07	627525
7.803557E-07	627826
8.002283E-07	628126
7.776957E-07	628426
7.758507E-07	628726
7.770208E-07	629026
7.618577E-07	629326
7.672039E-07	629626
7.709625E-07	629926
7.663168E-07	630226
7.865054E-07	630526
7.721242E-07	630826
7.685961E-07	631126
7.614212E-07	631426
7.874974E-07	631726
7.773966E-07	632039
7.793769E-07	632339
7.942348E-07	632639
7.928025E-07	632939
7.916701E-07	633239
7.834183E-07	633539
7.799318E-07	633839
7.801261E-07	634139
7.937078E-07	634439
8.013570E-07	634739
7.840736E-07	635042
7.793625E-07	635342
7.873562E-07	635642
7.899270E-07	635942
7.778318E-07	636242
7.961498E-07	636542
7.928452E-07	636842
7.872301E-07	637142
7.878905E-07	637442
8.102068E-07	637742
8.013357E-07	638042
7.776616E-07	638342
7.756886E-07	638642
8.103806E-07	638942
7.887131E-07	639242
8.084423E-07	639542
7.799848E-07	639842
8.024663E-07	640142
7.971989E-07	640442
7.979410E-07	640742
7.893051E-07	641042
8.023573E-07	641342
7.923314E-07	641642
7.986760E-07	641942
8.138808E-07	642242
8.228989E-07	642544
8.089120E-07	642844
8.017677E-07	643144
7.947784E-07	643444
8.053527E-07	643744
8.015174E-07	644044
8.133067E-07	644344
8.061244E-07	644644
8.152008E-07	644944
8.106351E-07	645244
8.056234E-07	645544
8.086565E-07	645844
8.115749E-07	646144
8.040229E-07	646444
8.202647E-07	646744
8.164193E-07	647044
7.998725E-07	647344
8.054885E-07	647644
8.119756E-07	647944
7.907757E-07	648244
7.999737E-07	648544
7.947800E-07	648844
7.991247E-07	649144
8.086698E-07	649444
8.026723E-07	649746
8.134622E-07	650046
8.018936E-07	650346
8.160233E-07	650646
8.134141E-07	650946
7.987391E-07	651246
8.075118E-07	651546
8.165255E-07	651846
8.224297E-07	652146
8.294089E-07	652446
8.311944E-07	652746
8.210711E-07	653046
8.328115E-07	653346
8.372319E-07	653646
8.377683E-07	653946
8.245231E-07	654246
8.344430E-07	654546
8.392763E-07	654846
8.192860E-07	655146
8.163627E-07	655446
8.161287E-07	655746
8.175210E-07	656046
8.123315E-07	656346
8.125260E-07	656646
8.133917E-07	656949
8.166513E-07	657249
8.188467E-07	657549
8.260751E-07	657849
8.244700E-07	658149
8.215930E-07	658449
8.258316E-07	658749
8.236603E-07	659049
8.340018E-07	659349
8.351881E-07	659649
8.436537E-07	659949
8.460956E-07	660249
8.072426E-07	660549
8.063665E-07	660849
8.060384E-07	661149
8.053831E-07	661461
8.049840E-07	661761
8.078163E-07	662061
8.203015E-07	662361
8.204944E-07	662661
8.192013E-07	662961
8.211527E-07	663261
8.247146E-07	663561
8.347091E-07	663861
8.547810E-07	664161
8.459615E-07	664464
8.301650E-07	664764
8.249903E-07	665064
8.175185E-07	665364
8.165803E-07	665664
8.256873E-07	665964
8.282880E-07	666264
8.215608E-07	666564
8.249785E-07	666864
8.223487E-07	667164
8.245233E-07	667464
8.418501E-07	667764
8.266241E-07	668064
8.246863E-07	668364
8.237582E-07	668664
8.249528E-07	668964
8.257169E-07	669264
8.232926E-07	669564
8.297984E-07	669864
8.365324E-07	670164
8.304979E-07	670464
8.339699E-07	670764
8.524256E-07	671064
8.266895E-07	671364
8.305020E-07	671666
8.394432E-07	671966
8.743818E-07	672266
8.618489E-07	672566
8.518722E-07	672866
8.549034E-07	673166
8.518522E-07	673466
8.573172E-07	673766
8.627243E-07	674066
8.476552E-07	674366
8.442535E-07	674666
8.423517E-07	674966
8.432983E-07	675266
8.411538E-07	675566
8.445283E-07	675866
8.615997E-07	676166
8.524416E-07	676466
8.436102E-07	676766
8.450351E-07	677066
8.447050E-07	677366
8.334688E-07	677666
8.404285E-07	677966
8.573135E-07	678266
8.452955E-07	678566
8.601522E-07	678868
8.587877E-07	679168
8.578618E-07	679468
8.570563E-07	679768
8.417313E-07	680068
8.419652E-07	680368
8.438928E-07	680668
8.460773E-07	680968
8.476291E-07	681268
8.481052E-07	681568
8.474169E-07	681868
8.539872E-07	682168
8.634410E-07	682468
8.666970E-07	682768
8.639018E-07	683068
8.643403E-07	683368
8.607450E-07	683668
8.646358E-07	683968
8.617841E-07	684268
8.679361E-07	684569
8.657113E-07	684868
8.652013E-07	685168
8.699247E-07	685468
8.706293E-07	685768
8.753369E-07	686068
8.745151E-07	686371
8.665145E-07	686671
8.687103E-07	686971
8.677836E-07	687271
8.657531E-07	687571
8.762399E-07	687871
9.060883E-07	688171
8.817057E-07	688471
8.656436E-07	688771
8.623007E-07	689071
8.667353E-07	689371
8.736017E-07	689671
8.682600E-07	689971
8.699850E-07	690271
8.687341E-07	690571
8.701859E-07	690883
8.672868E-07	691183
8.715497E-07	691483
8.728559E-07	691783
8.813267E-07	692083
8.918936E-07	692383
8.954448E-07	692683
8.968200E-07	692983
8.993890E-07	693283
9.000300E-07	693586
8.979552E-07	693886
9.055250E-07	694186
9.104876E-07	694486
9.111841E-07	694786
9.151227E-07	695086
9.052816E-07	695386
8.990598E-07	695686
8.981331E-07	695986
8.887553E-07	696286
8.807798E-07	696586
8.767757E-07	696886
8.765047E-07	697186
8.775961E-07	697486
8.791329E-07	697786
8.801151E-07	698086
8.855606E-07	698386
8.823841E-07	698686
8.843099E-07	698986
8.898456E-07	699286
8.915405E-07	699586
8.910370E-07	699886
8.926996E-07	700186
8.895050E-07	700486
8.912763E-07	700786
8.926224E-07	701088
8.937345E-07	701388
8.927485E-07	701688
8.923581E-07	701988
9.169067E-07	702288
9.185223E-07	702588
9.146957E-07	702888
9.201848E-07	703188
9.194637E-07	703488
9.134316E-07	703788
9.145979E-07	704088
9.197549E-07	704388
9.167592E-07	704688
9.153712E-07	704988
9.148554E-07	705288
9.220903E-07	705588
9.195406E-07	705888
9.159161E-07	706188
9.138402E-07	706488
9.076873E-07	706788
9.057259E-07	707088
9.106743E-07	707388
9.145501E-07	707688
9.158052E-07	707988
9.200502E-07	708291
9.195007E-07	708591
9.147701E-07	708891
9.237439E-07	709191
9.264694E-07	709491
9.282002E-07	709791
9.310785E-07	710091
9.340001E-07	710391
9.318827E-07	710691
9.315741E-07	710991
9.313395E-07	711291
9.332408E-07	711591
9.376379E-07	711891
9.432970E-07	712191
9.334308E-07	712491
9.335113E-07	712791
9.297938E-07	713091
9.348038E-07	713391
9.366269E-07	713691
9.357277E-07	713991
9.376076E-07	714291
9.396270E-07	714591
9.369173E-07	714891
9.407752E-07	715191
9.397287E-07	715493
9.363110E-07	715793
9.368692E-07	716093
9.271644E-07	716393
9.248582E-07	716693
9.230988E-07	716993
9.250307E-07	717293
9.230738E-07	717593
9.245351E-07	717893
9.237655E-07	718193
9.249283E-07	718493
9.226106E-07	718793
9.262293E-07	719093
9.248665E-07	719393
9.209206E-07	719693
9.220312E-07	719993
9.255813E-07	720306
9.233147E-07	720606
9.214643E-07	720906
9.194295E-07	721206
9.242199E-07	721506
9.246727E-07	721806
9.304152E-07	722106
9.540707E-07	722406
9.609616E-07	722706
9.650950E-07	723008
9.790289E-07	723309
9.713268E-07	723608
9.513113E-07	723908
9.527540E-07	724208
9.562350E-07	724508
9.575824E-07	724808
9.566993E-07	725108
9.559478E-07	725408
9.524750E-07	725708
9.570371E-07	726008
9.526429E-07	726308
9.610852E-07	726608
9.676221E-07	726908
9.609405E-07	727208
9.654083E-07	727508
9.664830E-07	727808
9.676472E-07	728108
9.753417E-07	728408
9.702904E-07	728708
9.637238E-07	729008
9.548432E-07	729308
9.535360E-07	729608
9.602875E-07	729908
9.542805E-07	730211
9.638903E-07	730511
9.605253E-07	730811
9.572821E-07	731111
9.642414E-07	731411
9.586553E-07	731711
9.469348E-07	732011
9.727484E-07	732311
9.793200E-07	732611
9.803364E-07	732911
9.760632E-07	733211
9.761186E-07	733511
9.736355E-07	733811
9.750322E-07	734111
9.901048E-07	734411
9.801271E-07	734711
9.811404E-07	735011
9.972173E-07	735311
9.976890E-07	735611
9.915483E-07	735911
9.925390E-07	736211
9.856801E-07	736511
9.783424E-07	736811
9.680742E-07	737111
9.752252E-07	737411
9.801364E-07	737713
9.770827E-07	738013
9.677042E-07	738313
9.686892E-07	738613
9.718207E-07	738913
9.820370E-07	739213
9.673813E-07	739513
9.642032E-07	739813
9.695351E-07	740113
9.687027E-07	740413
9.675214E-07	740713
9.793977E-07	741013
9.645323E-07	741313
9.616160E-07	741613
9.618311E-07	741913
9.810796E-07	742213
9.909185E-07	742513
9.898707E-07	742813
9.883045E-07	743113
9.894699E-07	743413
9.879149E-07	743713
9.933849E-07	744013
9.969931E-07	744313
9.789710E-07	744613
9.818796E-07	744915
9.851135E-07	745216
9.825645E-07	745515
9.862817E-07	745815
9.792373E-07	746115
9.758523E-07	746415
9.748250E-07	746715
9.885275E-07	747015
9.914297E-07	747315
9.988173E-07	747616
9.892874E-07	747915
9.828872E-07	748215
9.991555E-07	748515
1.004125E-06	748815
9.908737E-07	749115
1.008380E-06	749415
1.004466E-06	749729
9.979783E-07	750029
1.012651E-06	750329
1.023797E-06	750629
1.000587E-06	750929
9.873920E-07	751229
9.876599E-07	751529
9.940547E-07	751829
9.990479E-07	752132
1.021194E-06	752432
1.006767E-06	752732
9.995367E-07	753032
1.008223E-06	753332
1.024236E-06	753632
1.018118E-06	753932
1.016521E-06	754232
1.021120E-06	754532
1.032494E-06	754832
1.024832E-06	755132
1.023918E-06	755432
1.024344E-06	755732
1.027521E-06	756032
1.029732E-06	756332
1.020854E-06	756632
1.020149E-06	756932
1.026108E-06	757232
1.020668E-06	757532
1.022122E-06	757832
1.014761E-06	758132
1.017995E-06	758432
1.023268E-06	758732
1.021400E-06	759032
1.028431E-06	759332
1.026865E-06	759634
1.025427E-06	759934
1.020176E-06	760234
1.026913E-06	760534
1.026806E-06	760834
1.028908E-06	761134
1.062355E-06	761434
1.065758E-06	761734
1.027609E-06	762034
1.039683E-06	762334
1.027563E-06	762634
1.029934E-06	762934
1.031539E-06	763234
1.046422E-06	763534
1.041002E-06	763834
1.037701E-06	764134
1.041359E-06	764434
1.049087E-06	764734
1.038083E-06	765034
1.028385E-06	765334
1.017411E-06	765634
1.020948E-06	765934
1.022167E-06	766234
1.018843E-06	766534
1.037355E-06	766836
1.054190E-06	767136
1.044983E-06	767436
1.043133E-06	767736
1.041334E-06	768036
1.037501E-06	768336
1.024151E-06	768636
1.016984E-06	768936
1.020114E-06	769236
1.018736E-06	769536
1.032386E-06	769836
1.028325E-06	770136
1.039249E-06	770436
1.044662E-06	770736
1.030550E-06	771036
1.034831E-06	771336
1.030495E-06	771636
1.076471E-06	771937
1.071759E-06	772237
1.071567E-06	772536
1.068183E-06	772836
1.072919E-06	773136
1.056132E-06	773436
1.083260E-06	773736
1.058535E-06	774039
1.099779E-06	774339
1.062227E-06	774639
1.057734E-06	774939
1.048400E-06	775239
1.035964E-06	775539
1.045628E-06	775839
1.050331E-06	776139
1.050420E-06	776439
1.039612E-06	776739
1.034506E-06	777039
1.048269E-06	777339
1.043781E-06	777639
1.058367E-06	777939
1.068102E-06	778239
1.066550E-06	778539
1.065897E-06	778839
1.075127E-06	779152
1.082813E-06	779452
1.052615E-06	779752
1.058362E-06	780052
1.056598E-06	780352
1.057935E-06	780652
1.053893E-06	780952
1.053573E-06	781252
1.054972E-06	781554
1.060517E-06	781854
1.060276E-06	782154
1.065303E-06	782454
1.080768E-06	782754
1.104187E-06	783054
1.090999E-06	783354
1.070309E-06	783654
1.076783E-06	783954
1.072618E-06	784254
1.105234E-06	784554
1.109663E-06	784854
1.095747E-06	785154
1.074784E-06	785455
1.064245E-06	785754
1.067552E-06	786054
1.063819E-06	786354
1.077244E-06	786654
1.064713E-06	786954
1.079058E-06	787254
1.071538E-06	787554
1.078506E-06	787854
1.078426E-06	788155
1.081755E-06	788454
1.082165E-06	788757
1.067633E-06	789057
1.071358E-06	789357
1.090204E-06	789657
1.078883E-06	789957
1.068792E-06	790257
1.076204E-06	790557
1.081484E-06	790857
1.083724E-06	791157
1.070842E-06	791457
1.080067E-06	791757
1.078376E-06	792057
1.092889E-06	792357
1.096020E-06	792657
1.099256E-06	792957
1.106722E-06	793257
1.108443E-06	793557
1.110683E-06	793857
1.113233E-06	794157
1.113670E-06	794457
1.120327E-06	794757
1.115637E-06	795057
1.107131E-06	795357
1.112484E-06	795657
1.115365E-06	795957
1.118748E-06	796259
1.119865E-06	796559
1.119793E-06	796859
1.120140E-06	797159
1.123200E-06	797459
1.116356E-06	797759
1.121915E-06	798059
1.128421E-06	798359
1.123083E-06	798659
1.128878E-06	798959
1.092574E-06	799259
1.090364E-06	799559
1.098948E-06	799859
1.087128E-06	800159
1.086776E-06	800459
1.084494E-06	800759
1.114174E-06	801059
1.107942E-06	801359
1.100430E-06	801659
1.088457E-06	801959
1.114955E-06	802259
1.117160E-06	802559
1.121374E-06	802859
1.121040E-06	803159
1.119450E-06	803461
1.123374E-06	803761
1.120226E-06	804061
1.106192E-06	804362
1.111998E-06	804661
1.111342E-06	804961
1.140334E-06	805261
1.122089E-06	805561
1.117259E-06	805861
1.131693E-06	806161
1.144943E-06	806461
1.130433E-06	806761
1.113328E-06	807061
1.139505E-06	807361
1.116515E-06	807661
1.123481E-06	807961
1.138476E-06	808261
1.142236E-06	808574
1.133703E-06	808874
1.130286E-06	809174
1.108968E-06	809474
1.107962E-06	809774
1.115594E-06	810074
1.106685E-06	810374
1.104161E-06	810677
1.104163E-06	810977
1.107797E-06	811277
1.108325E-06	811577
1.118423E-06	811877
1.117158E-06	812177
1.130924E-06	812477
1.137724E-06	812777
1.147420E-06	813077
1.143383E-06	813377
1.136687E-06	813677
1.137271E-06	813977
1.131094E-06	814277
1.138578E-06	814577
1.146181E-06	814877
1.149817E-06	815177
1.137780E-06	815477
1.142136E-06	815777
1.134317E-06	816077
1.144345E-06	816377
1.149226E-06	816677
1.155192E-06	816977
1.144069E-06	817277
1.144128E-06	817577
1.121083E-06	817877
1.124427E-06	818179
1.122540E-06	818479
1.124081E-06	818779
1.119800E-06	819079
1.114115E-06	819379
1.116482E-06	819679
1.115428E-06	819979
1.112982E-06	820279
1.121640E-06	820579
1.120571E-06	820879
1.123289E-06	821179
1.132087E-06	821479
1.138620E-06	821779
1.141329E-06	822079
1.141595E-06	822379
1.141279E-06	822679
1.146617E-06	822979
1.161347E-06	823279
1.163032E-06	823579
1.152616E-06	823879
1.154699E-06	824179
1.162934E-06	824479
1.148222E-06	824779
1.158467E-06	825079
1.168487E-06	825381
1.171711E-06	825681
1.163237E-06	825981
1.156474E-06	826282
1.142931E-06	826581
1.150685E-06	826882
1.152441E-06	827181
1.151410E-06	827481
1.153746E-06	827781
1.157585E-06	828081
1.161159E-06	828381
1.158347E-06	828681
1.160092E-06	828981
1.161683E-06	829281
1.160006E-06	829581
1.163857E-06	829881
1.162128E-06	830181
1.161616E-06	830481
1.155913E-06	830781
1.158890E-06	831081
1.156108E-06	831381
1.152505E-06	831681
1.154942E-06	831981
1.191137E-06	832281
1.194312E-06	832584
1.186355E-06	832884
1.174276E-06	833184
1.187715E-06	833484
1.192217E-06	833784
1.205250E-06	834084
1.183861E-06	834384
1.184962E-06	834684
1.177393E-06	834984
1.171162E-06	835284
1.175177E-06	835584
1.190650E-06	835884
1.181793E-06	836184
1.155923E-06	836484
1.153108E-06	836784
1.152696E-06	837084
1.153227E-06	837384
1.157702E-06	837684
1.152296E-06	837996
1.149389E-06	838296
1.148148E-06	838596
1.144021E-06	838896
1.142979E-06	839196
1.140583E-06	839496
1.144462E-06	839796
1.147412E-06	840099
1.146209E-06	840399
1.146053E-06	840699
1.142056E-06	840999
1.112402E-06	841299
1.132099E-06	841599
1.122300E-06	841899
1.130167E-06	842199
1.156254E-06	842499
1.163020E-06	842799
1.160521E-06	843099
1.157847E-06	843399
1.155396E-06	843699
1.161994E-06	843999
1.162235E-06	844299
1.160310E-06	844599
1.161233E-06	844899
1.163103E-06	845199
1.164571E-06	845499
1.169642E-06	845799
1.168948E-06	846099
1.167000E-06	846399
1.168941E-06	846699
1.168596E-06	846999
1.170731E-06	847301
1.165789E-06	847601
1.162650E-06	847901
1.164935E-06	848201
1.166203E-06	848501
1.166034E-06	848801
1.166326E-06	849101
1.167555E-06	849401
1.168812E-06	849701
1.167884E-06	850001
1.170303E-06	850301
1.170014E-06	850602
1.168214E-06	850901
1.167274E-06	851201
1.168017E-06	851502
1.166156E-06	851801
1.169000E-06	852101
1.185393E-06	852401
1.178789E-06	852701
1.180620E-06	853001
1.179949E-06	853301
1.179289E-06	853601
1.179451E-06	853901
1.179708E-06	854202
1.178956E-06	854501
1.182673E-06	854804
1.184776E-06	855104
1.183074E-06	855404
1.184651E-06	855704
1.187174E-06	856004
1.193039E-06	856304
1.186684E-06	856604
1.185379E-06	856904
1.186912E-06	857204
1.187934E-06	857504
1.182926E-06	857804
1.183315E-06	858104
1.183843E-06	858404
1.184450E-06	858704
1.184698E-06	859004
1.182943E-06	859304
1.185466E-06	859604
1.186983E-06	859904
1.188577E-06	860204
1.188411E-06	860504
1.187630E-06	860804
1.187360E-06	861104
1.186016E-06	861404
1.186797E-06	861704
1.182394E-06	862006
1.200772E-06	862306
1.200505E-06	862606
1.192102E-06	862906
1.192045E-06	863206
1.197222E-06	863506
1.189620E-06	863806
1.184473E-06	864106
1.200094E-06	864406
1.195933E-06	864706
1.193411E-06	865006
1.194547E-06	865306
1.195544E-06	865606
1.194265E-06	865906
1.193114E-06	866206
1.193504E-06	866506
1.196391E-06	866806
1.195551E-06	867106
1.197636E-06	867420
1.198844E-06	867720
1.208743E-06	868020
1.221027E-06	868320
1.217871E-06	868620
1.212358E-06	868920
1.213043E-06	869222
1.211876E-06	869522
1.214407E-06	869822
1.218658E-06	870122
1.229664E-06	870422
1.234342E-06	870722
1.236217E-06	871022
1.236618E-06	871322
1.244946E-06	871622
1.234732E-06	871923
1.265736E-06	872222
1.275577E-06	872522
1.275197E-06	872822
1.280302E-06	873122
1.281806E-06	873422
1.280002E-06	873722
1.280726E-06	874022
1.272842E-06	874323
1.279005E-06	874622
1.271191E-06	874922
1.267615E-06	875223
1.285505E-06	875522
1.287681E-06	875822
1.286844E-06	876122
1.289261E-06	876422
1.275282E-06	876726
1.271914E-06	877025
1.281744E-06	877325
1.296122E-06	877625
1.249046E-06	877925
1.241463E-06	878225
1.240541E-06	878525
1.240553E-06	878825
1.239318E-06	879125
1.239903E-06	879425
1.232338E-06	879725
1.235252E-06	880025
1.234723E-06	880325
1.235290E-06	880625
1.236985E-06	880925
1.241905E-06	881225
1.240197E-06	881525
1.244379E-06	881825
1.253199E-06	882125
1.266142E-06	882425
1.266440E-06	882725
1.265531E-06	883025
1.265934E-06	883325
1.273410E-06	883625
1.270530E-06	883927
1.261604E-06	884227
1.259665E-06	884527
1.253974E-06	884827
1.259001E-06	885127
1.255799E-06	885427
1.265828E-06	885727
1.263151E-06	886027
1.253758E-06	886327
1.252724E-06	886627
1.254649E-06	886927
1.258789E-06	887227
1.265484E-06	887527
1.265908E-06	887827
1.263682E-06	888127
1.269869E-06	888427
1.267979E-06	888727
1.271531E-06	889027
1.272182E-06	889327
1.273056E-06	889627
1.280610E-06	889927
1.276680E-06	890227
1.276924E-06	890527
1.269770E-06	890827
1.272947E-06	891127
1.270008E-06	891429
1.275618E-06	891729
1.275473E-06	892029
1.286832E-06	892329
1.288436E-06	892630
1.295745E-06	892929
1.291192E-06	893229
1.294961E-06	893529
1.295600E-06	893829
1.288688E-06	894129
1.288287E-06	894429
1.287119E-06	894729
1.283156E-06	895029
1.285256E-06	895329
1.286115E-06	895629
1.278960E-06	895929
1.279740E-06	896229
1.282471E-06	896529
1.283069E-06	896842
1.280803E-06	897142
1.278894E-06	897442
1.276794E-06	897742
1.275275E-06	898042
1.270380E-06	898342
1.271972E-06	898645
1.274228E-06	898945
1.280264E-06	899245
1.283014E-06	899545
1.286748E-06	899845
1.276873E-06	900145
1.272929E-06	900445
1.271491E-06	900745
1.272400E-06	901045
1.273579E-06	901345
1.269585E-06	901645
1.269040E-06	901945
1.279227E-06	902245
1.284153E-06	902545
1.282719E-06	902845
1.284383E-06	903145
1.282621E-06	903445
1.286793E-06	903745
1.290412E-06	904045
1.290678E-06	904345
1.291117E-06	904645
1.282606E-06	904945
1.286463E-06	905245
1.285572E-06	905545
1.282566E-06	905847
1.285394E-06	906147
1.283751E-06	906447
1.292346E-06	906747
1.295849E-06	907047
1.293070E-06	907347
1.293950E-06	907647
1.290409E-06	907947
1.291255E-06	908247
1.291611E-06	908547
1.291505E-06	908847
1.290107E-06	909148
1.296999E-06	909447
1.291686E-06	909747
1.295504E-06	910047
1.294545E-06	910347
1.299065E-06	910647
1.301264E-06	910947
1.294203E-06	911247
1.302709E-06	911548
1.297416E-06	911847
1.293797E-06	912147
1.307212E-06	912447
1.305939E-06	912747
1.303336E-06	913047
1.301585E-06	913350
1.300115E-06	913650
1.297342E-06	913950
1.295467E-06	914250
1.296577E-06	914550
1.296056E-06	914850
1.304244E-06	915150
1.305584E-06	915450
1.306966E-06	915750
1.307238E-06	916050
1.304501E-06	916350
1.306457E-06	916650
1.310622E-06	916950
1.312952E-06	917250
1.312177E-06	917550
1.314494E-06	917850
1.310818E-06	918150
1.305905E-06	918450
1.304607E-06	918750
1.304213E-06	919050
1.304426E-06	919350
1.305799E-06	919650
1.305296E-06	919950
1.312794E-06	920250
1.308429E-06	920552
1.307299E-06	920852
1.308288E-06	921152
1.308765E-06	921452
1.309625E-06	921752
1.308466E-06	922052
1.319996E-06	922352
1.325390E-06	922652
1.324907E-06	922952
1.321794E-06	923252
1.324575E-06	923552
1.324304E-06	923852
1.327054E-06	924152
1.326651E-06	924452
1.325977E-06	924752
1.326374E-06	925052
1.323608E-06	925352
1.321174E-06	925652
1.322840E-06	925952
1.318268E-06	926265
1.322706E-06	926565
1.322799E-06	926865
1.325026E-06	927165
1.332623E-06	927465
1.328710E-06	927768
1.329600E-06	928068
1.328303E-06	928368
1.328698E-06	928668
1.326662E-06	928968
1.325042E-06	929268
1.319621E-06	929568
1.317939E-06	929868
1.322332E-06	930168
1.324373E-06	930468
1.325977E-06	930768
1.324534E-06	931068
1.324064E-06	931368
1.323990E-06	931668
1.323005E-06	931968
1.349835E-06	932268
1.356101E-06	932568
1.348599E-06	932868
1.345767E-06	933168
1.355416E-06	933468
1.349495E-06	933768
1.342525E-06	934068
1.340774E-06	934368
1.341706E-06	934668
1.331065E-06	934968
1.329019E-06	935270
1.332400E-06	935570
1.345296E-06	935870
1.339251E-06	936170
1.304393E-06	936470
1.338966E-06	936770
1.365563E-06	937070
1.348781E-06	937370
1.315330E-06	937670
1.311054E-06	937970
1.315262E-06	938270
1.313844E-06	938570
1.319635E-06	938870
1.317505E-06	939170
1.350365E-06	939470
1.354465E-06	939770
1.352358E-06	940070
1.352896E-06	940370
1.347418E-06	940670
1.337981E-06	940970
1.336719E-06	941270
1.333664E-06	941570
1.337859E-06	941870
1.345233E-06	942170
1.354288E-06	942473
1.354565E-06	942773
1.352000E-06	943073
1.351505E-06	943373
1.350047E-06	943673
1.350679E-06	943973
1.348698E-06	944273
1.356877E-06	944573
1.355177E-06	944873
1.352623E-06	945173
1.355038E-06	945474
1.354353E-06	945773
1.351417E-06	946073
1.349160E-06	946373
1.347874E-06	946673
1.347870E-06	946973
1.347283E-06	947273
1.345172E-06	947573
1.347998E-06	947874
1.348744E-06	948173
1.347447E-06	948473
1.345111E-06	948773
1.342517E-06	949073
1.333623E-06	949373
1.326332E-06	949673
1.326614E-06	949977
1.329788E-06	950277
1.329230E-06	950577
1.327352E-06	950877
1.332579E-06	951178
1.331452E-06	951477
1.329647E-06	951777
1.328365E-06	952077
1.344662E-06	952377
1.346549E-06	952678
1.348073E-06	952978
1.353033E-06	953278
1.366631E-06	953578
1.383058E-06	953878
1.371350E-06	954178
1.365036E-06	954478
1.363406E-06	954778
1.358992E-06	955078
1.364690E-06	955378
1.365859E-06	955693
1.367019E-06	955993
1.368024E-06	956293
1.365054E-06	956593
1.368439E-06	956893
1.341219E-06	957195
1.353159E-06	957495
1.357658E-06	957795
1.359043E-06	958095
1.364357E-06	958395
1.358394E-06	958695
1.359887E-06	958995
1.364393E-06	959295
1.364168E-06	959595
1.359446E-06	959895
1.376428E-06	960195
1.367875E-06	960495
1.369971E-06	960795
1.372676E-06	961095
1.372263E-06	961395
1.378662E-06	961695
1.373026E-06	961995
1.409736E-06	962295
1.392173E-06	962595
1.388923E-06	962895
1.390750E-06	963195
1.395639E-06	963495
1.396586E-06	963795
1.395018E-06	964095
1.389523E-06	964397
1.388179E-06	964697
1.388488E-06	964997
1.388293E-06	965297
1.392339E-06	965597
1.399078E-06	965897
1.398340E-06	966197
1.394972E-06	966497
1.393319E-06	966797
1.390064E-06	967097
1.387233E-06	967397
1.382931E-06	967697
1.382991E-06	967997
1.385811E-06	968297
1.390539E-06	968597
1.387635E-06	968897
1.387377E-06	969197
1.391917E-06	969497
1.387824E-06	969797
1.404942E-06	970097
1.393077E-06	970397
1.387836E-06	970697
1.391918E-06	970997
1.407787E-06	971297
1.429058E-06	971597
1.374742E-06	971900
1.399591E-06	972200
1.411007E-06	972500
1.401540E-06	972800
1.399349E-06	973100
1.404628E-06	973400
1.408280E-06	973700
1.400712E-06	974000
1.437003E-06	974300
1.431158E-06	974600
1.405607E-06	974900
1.400636E-06	975200
1.409829E-06	975500
1.399987E-06	975800
1.400651E-06	976100
1.393064E-06	976400
1.378725E-06	976700
1.367484E-06	977000
1.365670E-06	977300
1.386208E-06	977600
1.411055E-06	977900
1.416056E-06	978200
1.412730E-06	978500
1.410535E-06	978800
1.409275E-06	979102
1.409908E-06	979402
1.416690E-06	979702
1.422851E-06	980002
1.421564E-06	980302
1.425058E-06	980602
1.426127E-06	980902
1.427041E-06	981202
1.428229E-06	981502
1.425429E-06	981802
1.427053E-06	982102
1.441400E-06	982402
1.445923E-06	982702
1.449281E-06	983002
1.444103E-06	983302
1.446812E-06	983602
1.444347E-06	983902
1.435782E-06	984202
1.442125E-06	984502
1.444399E-06	984802
1.439122E-06	985115
1.433422E-06	985415
1.428146E-06	985715
1.431438E-06	986015
1.425922E-06	986317
1.425103E-06	986617
1.435066E-06	986917
1.438571E-06	987217
1.436883E-06	987517
1.437415E-06	987817
1.426545E-06	988117
1.429522E-06	988417
1.434627E-06	988717
1.438068E-06	989017
1.439445E-06	989317
1.432434E-06	989617
1.444018E-06	989917
1.447757E-06	990217
1.448710E-06	990517
1.454140E-06	990817
1.455230E-06	991117
1.455886E-06	991417
1.456751E-06	991717
1.458889E-06	992017
1.479965E-06	992317
1.487909E-06	992617
1.485322E-06	992917
1.487181E-06	993217
1.484200E-06	993517
1.473854E-06	993820
1.465958E-06	994120
1.456180E-06	994420
1.461540E-06	994720
1.497250E-06	995020
1.483406E-06	995320
1.520142E-06	995620
1.457523E-06	995920
1.448547E-06	996220
1.443747E-06	996520
1.453466E-06	996820
1.446832E-06	997120
1.445134E-06	997420
1.446711E-06	997720
1.452828E-06	998020
1.453830E-06	998320
1.457433E-06	998620
1.458637E-06	998920
1.457005E-06	999220
1.455197E-06	999520
1.456449E-06	999820
1.447752E-06	1000120
1.448665E-06	1000420
1.455352E-06	1000720
1.449760E-06	1001022
1.453961E-06	1001322
1.456873E-06	1001622
1.463206E-06	1001922
1.474523E-06	1002222
1.488079E-06	1002522
1.482652E-06	1002822
1.482982E-06	1003122
1.488190E-06	1003422
1.516714E-06	1003722
1.513939E-06	1004022
1.532279E-06	1004322
1.526050E-06	1004622
1.507315E-06	1004922
1.509780E-06	1005222
1.497477E-06	1005522
1.504738E-06	1005822
1.492190E-06	1006122
1.487172E-06	1006422
1.493101E-06	1006722
1.485247E-06	1007022
1.470304E-06	1007322
1.473019E-06	1007622
1.481939E-06	1007926
1.483969E-06	1008224
1.484652E-06	1008525
1.490916E-06	1008824
1.476957E-06	1009126
1.517203E-06	1009424
1.517162E-06	1009725
1.498006E-06	1010024
1.483849E-06	1010326
1.505175E-06	1010624
1.514460E-06	1010925
1.466861E-06	1011224
1.494755E-06	1011526
1.522990E-06	1011824
1.541837E-06	1012125
1.562047E-06	1012424
1.539882E-06	1012726
1.524893E-06	1013024
1.525952E-06	1013325
1.542506E-06	1013624
1.532343E-06	1013937
1.532316E-06	1014237
1.528857E-06	1014537
1.520456E-06	1014837
1.548370E-06	1015140
1.559043E-06	1015440
1.618509E-06	1015740
1.635254E-06	1016040
1.585414E-06	1016340
1.578616E-06	1016640
1.613834E-06	1016940
1.553777E-06	1017240
1.556430E-06	1017540
1.586334E-06	1017840
1.603153E-06	1018140
1.500728E-06	1018440
1.524502E-06	1018740
1.581923E-06	1019040
1.530078E-06	1019340
1.522938E-06	1019640
1.510066E-06	1019940
1.510699E-06	1020240
1.529868E-06	1020540
1.542852E-06	1020840
1.543519E-06	1021140
1.529152E-06	1021440
1.529736E-06	1021740
1.089723E-06	1022042
5.937046E-07	1022342
5.883821E-07	1022642
5.849228E-07	1022942
5.831026E-07	1023242
5.847513E-07	1023542
5.832325E-07	1023842
5.820449E-07	1024142
5.813357E-07	1024442
5.817797E-07	1024742
5.821152E-07	1025042
5.809682E-07	1025342
5.805917E-07	1025642
5.806623E-07	1025942
5.790998E-07	1026242
5.778925E-07	1026542
5.779872E-07	1026842
5.768184E-07	1027142
5.768547E-07	1027443
5.770991E-07	1027742
5.766232E-07	1028042
5.777563E-07	1028342
5.804238E-07	1028642
5.810877E-07	1028945
5.788455E-07	1029245
5.761086E-07	1029545
5.765086E-07	1029845
5.758731E-07	1030145
5.788135E-07	1030445
5.753420E-07	1030745
5.758548E-07	1031045
5.761177E-07	1031345
5.770330E-07	1031645
5.783257E-07	1031945
5.781263E-07	1032245
5.727223E-07	1032545
5.719037E-07	1032845
5.720121E-07	1033145
5.729495E-07	1033445
5.743931E-07	1033745
5.733311E-07	1034045
5.721084E-07	1034345
5.707777E-07	1034645
5.716831E-07	1034945
5.721928E-07	1035245
5.733835E-07	1035545
5.732364E-07	1035847
5.782315E-07	1036147
5.793505E-07	1036447
5.804451E-07	1036747
5.787477E-07	1037047
5.824280E-07	1037347
5.789394E-07	1037647
5.785593E-07	1037947
5.800213E-07	1038247
5.799255E-07	1038547
5.802145E-07	1038847
5.802810E-07	1039147
5.802899E-07	1039447
5.804926E-07	1039747
5.804752E-07	1040047
5.797560E-07	1040347
5.792335E-07	1040647
5.800297E-07	1040947
5.802883E-07	1041247
5.807258E-07	1041547
5.812018E-07	1041847
5.810465E-07	1042160
5.801857E-07	1042460
5.804906E-07	1042760
5.805027E-07	1043063
5.802846E-07	1043363
5.800400E-07	1043663
5.805127E-07	1043963
5.807005E-07	1044263
5.816680E-07	1044563
5.809076E-07	1044863
5.794533E-07	1045163
5.782011E-07	1045463
5.779964E-07	1045763
5.793346E-07	1046063
5.793089E-07	1046363
5.792490E-07	1046663
5.773474E-07	1046963
5.797141E-07	1047263
5.802324E-07	1047563
5.784851E-07	1047863
5.786718E-07	1048163
5.789452E-07	1048463
5.807441E-07	1048763
5.777990E-07	1049063
5.774315E-07	1049363
5.767135E-07	1049663
5.746514E-07	1049965
5.724710E-07	1050265
5.693233E-07	1050565
5.723859E-07	1050865
5.691343E-07	1051165
5.692733E-07	1051465
5.705484E-07	1051765
5.771657E-07	1052065
5.730845E-07	1052365
5.725264E-07	1052665
5.714163E-07	1052965
5.696983E-07	1053266
5.695532E-07	1053565
5.691192E-07	1053865
5.706098E-07	1054165
5.645922E-07	1054465
5.645222E-07	1054765
5.637818E-07	1055065
5.630691E-07	1055365
5.617359E-07	1055665
5.625441E-07	1055965
5.618455E-07	1056265
5.625886E-07	1056565
5.623976E-07	1056868
5.625098E-07	1057168
5.630655E-07	1057468
5.645904E-07	1057768
5.601935E-07	1058068
5.606254E-07	1058368
5.607029E-07	1058668
5.607269E-07	1058968
5.615223E-07	1059268
5.602594E-07	1059568
5.599398E-07	1059868
5.640680E-07	1060168
5.657810E-07	1060468
5.652469E-07	1060768
5.676476E-07	1061068
5.656813E-07	1061368
5.657693E-07	1061668
5.642218E-07	1061968
5.612330E-07	1062268
5.601429E-07	1062568
5.612033E-07	1062868
5.604750E-07	1063168
5.594129E-07	1063468
5.593993E-07	1063768
5.587293E-07	1064070
5.583890E-07	1064370
5.580952E-07	1064670
5.580907E-07	1064970
5.571272E-07	1065270
5.569210E-07	1065570
5.580627E-07	1065870
5.570719E-07	1066170
5.567674E-07	1066470
5.567402E-07	1066770
5.590666E-07	1067070
5.575647E-07	1067370
5.592526E-07	1067670
5.581290E-07	1067970
5.587421E-07	1068270
5.588133E-07	1068570
5.598496E-07	1068870
5.598516E-07	1069170
5.603251E-07	1069470
5.613051E-07	1069770
5.609613E-07	1070070
5.614298E-07	1070382
5.625395E-07	1070682
5.604877E-07	1070985
5.591368E-07	1071285
5.594854E-07	1071585
5.602731E-07	1071885
5.611569E-07	1072185
5.609151E-07	1072485
5.606158E-07	1072785
5.609003E-07	1073085
5.610491E-07	1073385
5.599437E-07	1073685
5.646708E-07	1073985
5.633819E-07	1074285
5.631957E-07	1074585
5.633347E-07	1074885
5.620595E-07	1075185
5.626902E-07	1075485
5.636488E-07	1075785
5.634096E-07	1076085
5.634348E-07	1076385
5.637485E-07	1076685
5.628379E-07	1076985
5.623609E-07	1077285
5.606504E-07	1077585
5.602541E-07	1077887
5.613033E-07	1078187
5.583518E-07	1078487
5.577304E-07	1078787
5.503009E-07	1079087
5.584576E-07	1079387
5.606210E-07	1079687
5.620967E-07	1079987
5.619824E-07	1080287
5.620053E-07	1080587
5.605855E-07	1080887
5.611341E-07	1081187
5.576306E-07	1081487
5.605109E-07	1081787
5.608192E-07	1082087
5.585316E-07	1082387
5.570288E-07	1082687
5.566337E-07	1082988
5.561066E-07	1083287
5.572086E-07	1083587
5.556232E-07	1083887
5.515717E-07	1084187
5.548424E-07	1084487
5.579545E-07	1084790
5.588298E-07	1085090
5.589023E-07	1085390
5.574340E-07	1085690
5.596586E-07	1085990
5.582658E-07	1086290
5.582826E-07	1086590
5.625583E-07	1086890
5.533618E-07	1087190
5.513747E-07	1087490
5.497973E-07	1087790
5.499465E-07	1088090
5.498918E-07	1088390
5.495498E-07	1088690
5.505802E-07	1088990
5.511723E-07	1089290
5.503604E-07	1089590
5.498694E-07	1089890
5.495095E-07	1090190
5.487674E-07	1090490
5.483764E-07	1090790
5.506644E-07	1091090
5.502329E-07	1091390
5.504786E-07	1091690
5.528444E-07	1091992
5.581717E-07	1092292
5.512256E-07	1092592
5.499803E-07	1092892
5.519558E-07	1093192
5.507474E-07	1093492
5.493035E-07	1093792
5.493257E-07	1094092
5.483736E-07	1094392
5.483365E-07	1094692
5.488130E-07	1094992
5.472359E-07	1095292
5.469918E-07	1095592
5.476605E-07	1095892
5.485925E-07	1096192
5.489033E-07	1096492
5.524940E-07	1096792
5.529216E-07	1097092
5.492273E-07	1097392
5.488509E-07	1097692
5.489262E-07	1097992
5.506507E-07	1098292
5.492681E-07	1098604
5.490745E-07	1098907
5.479984E-07	1099207
5.469485E-07	1099507
5.451205E-07	1099807
5.460968E-07	1100107
5.464200E-07	1100407
5.469861E-07	1100707
5.480712E-07	1101007
5.482897E-07	1101307
5.454606E-07	1101607
5.455229E-07	1101907
5.466381E-07	1102207
5.533076E-07	1102507
5.486955E-07	1102807
5.727001E-07	1103107
5.750456E-07	1103407
5.647335E-07	1103707
5.518182E-07	1104007
5.516948E-07	1104307
5.524369E-07	1104607
5.527184E-07	1104907
5.571099E-07	1105207
5.547263E-07	1105507
5.542623E-07	1105809
5.624543E-07	1106109
5.601951E-07	1106409
5.660149E-07	1106709
5.655787E-07	1107009
5.582019E-07	1107309
5.533477E-07	1107609
5.527160E-07	1107909
5.536742E-07	1108209
5.536235E-07	1108509
5.553106E-07	1108809
5.531462E-07	1109109
5.526753E-07	1109409
5.526013E-07	1109709
5.522560E-07	1110009
5.529578E-07	1110309
5.517398E-07	1110610
5.516980E-07	1110909
5.531314E-07	1111209
5.544190E-07	1111509
5.548701E-07	1111809
5.540438E-07	1112109
5.538960E-07	1112409
5.526123E-07	1112712
5.539291E-07	1113012
5.543415E-07	1113312
5.538039E-07	1113612
5.569099E-07	1113912
5.549532E-07	1114212
5.539639E-07	1114512
5.530640E-07	1114812
5.534954E-07	1115112
5.518801E-07	1115412
5.550941E-07	1115712
5.506755E-07	1116012
5.521850E-07	1116312
5.518394E-07	1116612
5.503103E-07	1116912
5.517855E-07	1117212
5.528648E-07	1117512
5.567138E-07	1117812
5.508605E-07	1118112
5.558335E-07	1118412
5.546048E-07	1118712
5.541665E-07	1119012
5.538291E-07	1119312
5.541468E-07	1119612
5.535462E-07	1119914
5.535824E-07	1120214
5.529539E-07	1120514
5.531900E-07	1120814
5.523640E-07	1121114
5.537761E-07	1121414
5.547219E-07	1121714
5.534336E-07	1122014
5.529488E-07	1122314
5.592416E-07	1122614
5.603365E-07	1122914
5.607916E-07	1123214
5.596324E-07	1123514
5.591842E-07	1123814
5.556053E-07	1124114
5.535603E-07	1124414
5.525216E-07	1124714
5.522333E-07	1125014
5.525026E-07	1125314
5.517351E-07	1125614
5.507017E-07	1125914
5.524419E-07	1126214
5.520970E-07	1126514
5.756169E-07	1126831
5.588328E-07	1127134
5.565266E-07	1127434
5.562283E-07	1127734
5.550324E-07	1128034
5.557993E-07	1128334
