S121C	2025-05-23 11:31:16
value unit [W]	time unit [ms]
wavelength	525.000nm
range	AUTO
1.975324E-07	264
1.965643E-07	564
2.014583E-07	864
1.967523E-07	1282
1.963921E-07	1582
1.964249E-07	1882
1.965960E-07	2182
1.967838E-07	2482
1.967591E-07	2782
1.965178E-07	3082
1.967413E-07	3382
1.965142E-07	3682
1.962724E-07	3982
1.966136E-07	4282
1.966943E-07	4582
1.965619E-07	4882
1.965207E-07	5182
1.966146E-07	5482
1.964795E-07	5782
1.967894E-07	6082
1.963608E-07	6382
1.958889E-07	6682
1.962172E-07	6982
1.966566E-07	7283
1.963790E-07	7583
1.960534E-07	7883
1.963110E-07	8183
1.959765E-07	8483
1.960965E-07	8783
1.958420E-07	9083
1.955634E-07	9383
1.956094E-07	9683
1.961166E-07	9983
1.957277E-07	10283
1.961638E-07	10583
1.956230E-07	10883
1.955328E-07	11183
1.954044E-07	11483
1.958463E-07	11783
1.954766E-07	12083
1.950679E-07	12383
1.951530E-07	12683
1.956662E-07	12983
1.960154E-07	13283
1.963301E-07	13583
1.958576E-07	13883
1.958730E-07	14183
6.796753E-08	14483
6.993756E-10	14783
-9.093471E-10	15084
4.221985E-10	15384
2.284153E-10	15684
1.293005E-10	15984
-2.244594E-11	16284
2.950533E-11	16584
1.060555E-10	16884
3.599815E-11	17184
-1.581303E-10	17484
-1.355846E-11	17784
-2.999656E-10	18084
3.049739E-10	18384
-2.227210E-10	18684
-6.926888E-11	18984
-3.320936E-10	19284
-1.772669E-10	19584
-6.120023E-10	19884
-1.458278E-10	20184
3.394800E-11	20484
-4.206089E-10	20784
-3.748162E-11	21084
5.206928E-11	21384
1.679215E-10	21684
7.633897E-12	21984
-9.661309E-11	22284
-4.028402E-10	22585
1.084569E-10	22885
1.983377E-10	23185
5.957446E-11	23485
5.581954E-11	23785
-3.065106E-11	24085
1.409577E-09	24385
3.414412E-09	24685
3.189188E-09	24985
3.251382E-09	25285
3.199437E-09	25585
3.233612E-09	25885
3.475928E-09	26185
3.256852E-09	26485
3.442432E-09	26785
3.851536E-09	27085
4.445194E-09	27385
3.252073E-09	27685
3.538135E-09	27985
3.575386E-09	28285
4.008063E-09	28585
3.468412E-09	28885
3.508398E-09	29185
3.200807E-09	29485
3.596576E-09	29785
1.841577E-09	30087
3.576752E-09	30387
3.629041E-09	30687
3.787284E-09	30987
3.484816E-09	31287
9.799714E-10	31594
2.157712E-09	31895
3.744906E-09	32195
3.365193E-09	32495
4.123923E-09	32795
3.202513E-09	33095
3.515236E-09	33395
3.782158E-09	33695
3.623575E-09	33995
3.703205E-09	34295
6.768218E-09	34595
6.760353E-09	34895
5.970862E-09	35195
6.155418E-09	35495
6.356385E-09	35795
6.310930E-09	36095
6.618525E-09	36395
6.070317E-09	36695
6.609972E-09	36995
6.369372E-09	37295
6.277431E-09	37595
7.006433E-09	37896
6.526581E-09	38196
6.111680E-09	38496
6.051526E-09	38796
6.375528E-09	39096
6.544352E-09	39396
6.356379E-09	39696
6.349549E-09	39996
6.384750E-09	40296
6.286668E-09	40596
6.580928E-09	40896
6.492405E-09	41196
6.377569E-09	41496
6.155758E-09	41796
6.146871E-09	42096
6.569308E-09	42396
6.093555E-09	42696
6.728578E-09	42996
6.539911E-09	43296
5.817411E-09	43596
6.510859E-09	43896
6.343396E-09	44196
9.266230E-09	44496
1.112137E-08	44796
1.049936E-08	45096
1.105300E-08	45396
1.176321E-08	45698
1.107111E-08	45998
1.074985E-08	46298
1.087665E-08	46598
1.075362E-08	46898
1.087323E-08	47198
1.071363E-08	47498
1.107659E-08	47798
1.080592E-08	48098
1.031580E-08	48398
1.069176E-08	48698
1.050719E-08	48998
1.030692E-08	49298
1.089682E-08	49598
1.080147E-08	49898
1.111179E-08	50198
1.108719E-08	50498
1.096211E-08	50798
1.108206E-08	51098
1.093851E-08	51398
1.043543E-08	51698
1.088555E-08	51998
1.066202E-08	52298
1.046311E-08	52598
1.070817E-08	52898
1.057727E-08	53199
1.077515E-08	53499
1.098876E-08	53799
1.105199E-08	54099
1.209849E-08	54399
1.432273E-08	54699
1.482584E-08	54999
1.454694E-08	55299
1.457428E-08	55599
1.422260E-08	55899
1.416756E-08	56199
1.411972E-08	56499
1.437093E-08	56799
1.440407E-08	57099
1.432310E-08	57399
1.443519E-08	57699
1.404353E-08	57999
1.433061E-08	58299
1.424790E-08	58599
1.463751E-08	58899
1.441673E-08	59199
1.449397E-08	59499
1.463477E-08	59799
1.461085E-08	60099
1.443928E-08	60399
1.490821E-08	60699
1.380086E-08	61000
1.437365E-08	61300
1.446767E-08	61600
1.457941E-08	61900
1.469972E-08	62200
1.608321E-08	62506
1.252536E-08	62808
1.443005E-08	63108
1.422670E-08	63408
1.458523E-08	63708
1.452508E-08	64008
1.487061E-08	64308
1.851730E-08	64608
1.858770E-08	64908
1.826131E-08	65208
1.819091E-08	65508
1.840009E-08	65808
1.834197E-08	66108
1.851937E-08	66408
1.871348E-08	66708
1.829310E-08	67008
1.818784E-08	67308
1.817657E-08	67608
1.811640E-08	67908
1.797968E-08	68208
1.888439E-08	68509
1.851250E-08	68809
1.811844E-08	69109
1.839974E-08	69409
1.827396E-08	69709
1.827260E-08	70009
1.813522E-08	70309
1.827566E-08	70609
1.787680E-08	70909
1.821277E-08	71209
1.815435E-08	71509
1.823671E-08	71809
1.833786E-08	72109
1.822885E-08	72409
1.852175E-08	72709
1.854567E-08	73009
1.833481E-08	73309
1.827809E-08	73609
1.854021E-08	73909
1.866153E-08	74209
2.112126E-08	74509
2.272760E-08	74809
2.286804E-08	75109
2.245828E-08	75409
2.263976E-08	75709
2.316880E-08	76009
2.183283E-08	76310
2.260284E-08	76610
2.271289E-08	76910
2.300683E-08	77210
2.272489E-08	77510
2.285851E-08	77810
2.318659E-08	78110
2.250987E-08	78410
2.285986E-08	78710
2.245451E-08	79010
2.236838E-08	79310
2.210862E-08	79610
2.231096E-08	79910
2.214728E-08	80210
2.263397E-08	80510
2.232157E-08	80810
2.253860E-08	81110
2.224159E-08	81410
2.251160E-08	81710
2.264488E-08	82010
2.239744E-08	82310
2.250952E-08	82610
2.257890E-08	82910
2.234617E-08	83210
2.241827E-08	83510
2.247093E-08	83810
2.253005E-08	84112
2.382091E-08	84412
2.699666E-08	84712
2.705955E-08	85012
2.706809E-08	85312
2.705887E-08	85612
2.716688E-08	85912
2.714089E-08	86212
2.720515E-08	86512
2.737329E-08	86812
2.730664E-08	87112
2.709578E-08	87412
2.732306E-08	87712
2.703358E-08	88012
2.711868E-08	88312
2.695121E-08	88612
2.735482E-08	88912
2.738251E-08	89212
2.686097E-08	89512
2.706091E-08	89812
2.694711E-08	90112
2.681142E-08	90412
2.689686E-08	90712
2.678751E-08	91012
2.704996E-08	91312
2.757187E-08	91613
2.736986E-08	91913
2.684628E-08	92213
2.694162E-08	92513
2.691396E-08	92813
2.691328E-08	93113
2.483497E-08	93419
2.740440E-08	93719
2.683878E-08	94019
2.717679E-08	94319
3.039629E-08	94619
3.072845E-08	94919
3.056716E-08	95219
3.063207E-08	95519
3.053332E-08	95819
3.094416E-08	96119
3.063108E-08	96419
3.050906E-08	96719
3.060031E-08	97019
3.074487E-08	97319
3.087442E-08	97619
3.047385E-08	97919
3.084195E-08	98219
3.075888E-08	98519
3.092636E-08	98819
3.095814E-08	99119
3.044549E-08	99420
3.061023E-08	99720
3.068233E-08	100020
3.070796E-08	100320
3.099949E-08	100620
3.078281E-08	100920
3.051625E-08	101220
3.087030E-08	101520
3.047692E-08	101820
3.067379E-08	102120
3.111980E-08	102420
3.091542E-08	102720
3.059007E-08	103020
3.075376E-08	103320
3.047217E-08	103620
3.045574E-08	103920
3.037064E-08	104220
3.262120E-08	104520
3.378356E-08	104820
3.377570E-08	105120
3.409971E-08	105420
3.427813E-08	105720
3.353714E-08	106020
3.409525E-08	106320
3.475319E-08	106621
3.388405E-08	106921
3.386630E-08	107221
3.407783E-08	107521
3.392164E-08	107821
3.419061E-08	108121
3.417662E-08	108421
3.397255E-08	108721
3.338267E-08	109021
3.370905E-08	109321
3.351870E-08	109621
3.425179E-08	109921
3.405291E-08	110221
3.420804E-08	110521
3.404639E-08	110821
3.446369E-08	111121
3.417797E-08	111421
3.425281E-08	111721
3.401463E-08	112021
3.454810E-08	112321
3.424153E-08	112621
3.429760E-08	112921
3.421897E-08	113221
3.438787E-08	113521
3.401392E-08	113821
3.464790E-08	114123
3.563495E-08	114423
3.801919E-08	114723
3.844841E-08	115023
3.841593E-08	115323
3.826111E-08	115623
3.856120E-08	115923
3.828816E-08	116223
3.846962E-08	116523
3.809058E-08	116823
3.810221E-08	117123
3.808540E-08	117423
3.838173E-08	117723
3.777513E-08	118023
3.851740E-08	118323
3.803147E-08	118623
3.813329E-08	118923
3.808200E-08	119223
3.842516E-08	119523
3.794665E-08	119823
3.844292E-08	120123
3.805571E-08	120423
3.830863E-08	120723
3.820504E-08	121023
3.862888E-08	121325
3.850070E-08	121625
3.803451E-08	121925
3.811557E-08	122225
3.853630E-08	122525
3.812098E-08	122825
4.104898E-08	123132
3.800545E-08	123432
3.833799E-08	123732
3.834244E-08	124032
3.852189E-08	124332
4.230155E-08	124632
4.203497E-08	124932
4.225545E-08	125232
4.255104E-08	125532
4.202779E-08	125832
4.200183E-08	126132
4.256745E-08	126432
4.204319E-08	126732
4.249158E-08	127032
4.285517E-08	127332
4.211598E-08	127632
4.291057E-08	127932
4.231386E-08	128232
4.227455E-08	128534
4.243891E-08	128834
4.229198E-08	129134
4.256675E-08	129434
4.297213E-08	129734
4.229332E-08	130034
4.233432E-08	130334
4.221403E-08	130634
4.301552E-08	130934
4.249946E-08	131234
4.241259E-08	131534
4.246047E-08	131834
4.288431E-08	132134
4.278584E-08	132434
4.282789E-08	132734
4.213881E-08	133034
4.247894E-08	133334
4.293242E-08	133634
4.268676E-08	133934
4.263613E-08	134234
4.525923E-08	134534
4.690593E-08	134834
4.644378E-08	135134
4.640487E-08	135434
4.699510E-08	135734
4.447796E-08	136035
4.645954E-08	136335
4.672269E-08	136635
4.626509E-08	136935
4.653646E-08	137235
4.624114E-08	137535
4.662497E-08	137835
4.658733E-08	138135
4.685460E-08	138435
4.618130E-08	138735
4.624494E-08	139035
4.662741E-08	139335
4.643190E-08	139635
4.686421E-08	139935
4.670531E-08	140235
4.674868E-08	140535
4.617483E-08	140835
4.628522E-08	141135
4.620595E-08	141435
4.619330E-08	141735
4.636898E-08	142035
4.624627E-08	142335
4.628252E-08	142635
4.655147E-08	142935
4.705797E-08	143236
4.671861E-08	143536
4.608260E-08	143836
4.634367E-08	144136
4.810414E-08	144436
5.070195E-08	144736
5.073785E-08	145036
5.051123E-08	145336
5.095212E-08	145636
5.077747E-08	145936
5.045243E-08	146236
5.113874E-08	146536
5.081849E-08	146836
5.098525E-08	147136
5.109193E-08	147436
5.095831E-08	147736
5.096989E-08	148036
5.138655E-08	148336
5.095525E-08	148636
5.113431E-08	148936
5.124059E-08	149236
5.094634E-08	149536
5.130757E-08	149836
5.103858E-08	150136
5.133079E-08	150436
5.022244E-08	150738
5.157208E-08	151038
5.122621E-08	151338
5.117840E-08	151638
5.113325E-08	151938
5.173888E-08	152238
5.049005E-08	152543
5.071492E-08	152843
5.081230E-08	153143
5.093816E-08	153443
5.079147E-08	153743
5.059090E-08	154043
5.118589E-08	154343
5.416481E-08	154643
5.485414E-08	154943
5.447921E-08	155243
5.498642E-08	155543
5.444841E-08	155843
5.447445E-08	156143
5.461459E-08	156443
5.473654E-08	156743
5.462863E-08	157043
5.477414E-08	157343
5.436643E-08	157643
5.367643E-08	157945
5.492596E-08	158245
5.472702E-08	158545
5.520581E-08	158845
5.481419E-08	159145
5.458892E-08	159445
5.453014E-08	159745
5.440264E-08	160045
5.551034E-08	160345
5.505548E-08	160645
5.488528E-08	160945
5.504619E-08	161245
5.506810E-08	161545
5.499183E-08	161845
5.521131E-08	162145
5.512277E-08	162445
5.528781E-08	162745
5.531860E-08	163045
5.492352E-08	163345
5.465456E-08	163645
5.481997E-08	163945
5.423997E-08	164245
5.711465E-08	164545
5.818229E-08	164845
5.952340E-08	165146
5.826437E-08	165446
5.855210E-08	165746
5.787575E-08	166046
5.847492E-08	166346
5.812154E-08	166646
5.871752E-08	166946
5.838637E-08	167246
5.826671E-08	167546
5.853774E-08	167846
5.837302E-08	168146
5.807670E-08	168446
5.857193E-08	168746
5.866184E-08	169046
5.785967E-08	169346
5.823189E-08	169646
5.859964E-08	169946
5.847797E-08	170246
5.834400E-08	170546
5.820315E-08	170846
5.856340E-08	171146
5.819013E-08	171446
5.794611E-08	171746
5.822023E-08	172046
5.869220E-08	172346
5.876470E-08	172647
5.851862E-08	172947
5.866490E-08	173247
5.846805E-08	173547
5.839012E-08	173847
5.874728E-08	174147
5.956137E-08	174447
6.241414E-08	174747
6.296878E-08	175047
6.241138E-08	175347
6.271150E-08	175647
6.224089E-08	175947
6.197426E-08	176247
6.270565E-08	176547
6.228186E-08	176847
6.183894E-08	177147
6.204978E-08	177447
6.213047E-08	177747
6.202244E-08	178047
6.227125E-08	178347
6.267594E-08	178647
6.240285E-08	178947
6.237176E-08	179247
6.204127E-08	179547
6.259187E-08	179850
6.207955E-08	180150
6.186630E-08	180450
6.176207E-08	180750
6.213491E-08	181050
6.222036E-08	181350
6.242062E-08	181650
6.518182E-08	181956
6.265443E-08	182256
6.274188E-08	182556
6.250603E-08	182856
6.249613E-08	183156
6.286866E-08	183456
6.253173E-08	183756
6.281844E-08	184056
6.309698E-08	184356
6.605472E-08	184656
6.653728E-08	184956
6.599181E-08	185256
6.612200E-08	185556
6.612199E-08	185856
6.623139E-08	186156
6.638036E-08	186456
6.605466E-08	186756
6.698667E-08	187057
6.673554E-08	187357
6.616165E-08	187657
6.599488E-08	187957
6.605057E-08	188257
6.557247E-08	188557
6.560595E-08	188857
6.651096E-08	189157
6.622116E-08	189457
6.613709E-08	189757
6.652467E-08	190057
6.627580E-08	190357
6.646273E-08	190657
6.618970E-08	190957
6.630831E-08	191257
6.649964E-08	191557
6.640944E-08	191857
6.617600E-08	192157
6.610522E-08	192457
6.610833E-08	192757
6.607792E-08	193057
6.629326E-08	193357
6.608506E-08	193657
6.578848E-08	193957
6.596685E-08	194257
6.902125E-08	194559
7.075234E-08	194859
7.070718E-08	195159
7.053663E-08	195459
7.043962E-08	195759
7.055410E-08	196059
7.074343E-08	196359
7.097480E-08	196659
7.093997E-08	196959
7.101004E-08	197259
7.074281E-08	197559
7.112007E-08	197859
7.101246E-08	198159
7.086651E-08	198459
7.146594E-08	198759
7.151280E-08	199059
7.141954E-08	199359
7.070417E-08	199659
7.114978E-08	199959
7.073908E-08	200259
7.087608E-08	200559
7.075506E-08	200859
7.091808E-08	201159
7.084564E-08	201459
7.081386E-08	201760
7.087405E-08	202060
7.093582E-08	202360
7.062209E-08	202660
7.111160E-08	202960
7.075575E-08	203260
7.114095E-08	203560
7.109374E-08	203860
7.093826E-08	204160
7.282590E-08	204460
7.518310E-08	204760
7.493592E-08	205060
7.501385E-08	205360
7.492577E-08	205660
7.532493E-08	205960
7.466222E-08	206260
7.486177E-08	206560
7.503333E-08	206860
7.533108E-08	207160
7.468307E-08	207460
7.465879E-08	207760
7.460306E-08	208060
7.508527E-08	208360
7.524183E-08	208660
7.506686E-08	208960
7.387201E-08	209261
7.503260E-08	209561
7.501320E-08	209861
7.544350E-08	210161
7.540896E-08	210461
7.506480E-08	210761
7.502514E-08	211061
7.894288E-08	211368
7.530577E-08	211668
7.491110E-08	211968
7.504395E-08	212268
7.528870E-08	212568
7.481529E-08	212868
7.481434E-08	213168
7.470630E-08	213468
7.489089E-08	213768
7.483035E-08	214068
7.507952E-08	214368
7.845529E-08	214668
7.863841E-08	214968
7.924538E-08	215268
7.941831E-08	215568
7.920468E-08	215868
7.924235E-08	216168
7.744010E-08	216469
7.890432E-08	216769
7.935914E-08	217069
7.899420E-08	217369
7.920122E-08	217669
7.930721E-08	217969
7.942197E-08	218269
7.866640E-08	218569
7.946751E-08	218869
7.937964E-08	219169
7.944399E-08	219469
7.932231E-08	219769
7.935059E-08	220069
7.900417E-08	220369
7.901737E-08	220669
7.866435E-08	220969
7.914113E-08	221269
7.890218E-08	221569
7.892071E-08	221869
7.900820E-08	222169
7.918522E-08	222469
7.903419E-08	222769
7.963225E-08	223069
7.892412E-08	223369
7.981102E-08	223670
7.944522E-08	223970
7.915106E-08	224270
8.168317E-08	224570
8.304274E-08	224870
8.304592E-08	225170
8.262174E-08	225470
8.291633E-08	225770
8.291694E-08	226070
8.244021E-08	226370
8.334458E-08	226670
8.302707E-08	226970
8.284017E-08	227270
8.295569E-08	227570
8.349935E-08	227870
8.282616E-08	228170
8.333434E-08	228470
8.266618E-08	228770
8.302950E-08	229070
8.305980E-08	229370
8.356135E-08	229670
8.305785E-08	229970
8.322527E-08	230270
8.302160E-08	230570
8.369012E-08	230870
8.187494E-08	231172
8.330250E-08	231472
8.355342E-08	231772
8.343785E-08	232072
8.348228E-08	232372
8.296073E-08	232672
8.339452E-08	232972
8.295658E-08	233272
8.336774E-08	233572
8.321742E-08	233872
8.363537E-08	234172
8.489275E-08	234472
8.773367E-08	234772
8.732928E-08	235072
8.753224E-08	235372
8.722171E-08	235672
8.739215E-08	235972
8.689837E-08	236272
8.739455E-08	236572
8.718777E-08	236872
8.757569E-08	237172
8.708226E-08	237472
8.696463E-08	237772
8.727227E-08	238072
8.714296E-08	238374
8.734262E-08	238674
8.756994E-08	238974
8.773228E-08	239274
8.741029E-08	239574
8.791888E-08	239874
8.746328E-08	240174
8.750700E-08	240474
8.311827E-08	240781
8.713250E-08	241081
8.700290E-08	241381
8.721243E-08	241681
8.715674E-08	241981
8.670523E-08	242281
8.686719E-08	242581
8.737783E-08	242881
8.687061E-08	243181
8.737335E-08	243481
8.718881E-08	243781
8.729383E-08	244081
8.798001E-08	244381
9.193333E-08	244681
9.263462E-08	244981
9.249462E-08	245281
9.124909E-08	245582
9.252861E-08	245882
9.201158E-08	246182
9.239062E-08	246482
9.211348E-08	246782
9.227955E-08	247082
9.181441E-08	247382
9.227756E-08	247682
9.218823E-08	247982
9.245243E-08	248282
9.211788E-08	248582
9.261481E-08	248882
9.211684E-08	249182
9.254957E-08	249482
9.204029E-08	249782
9.223235E-08	250082
9.228837E-08	250382
9.260860E-08	250682
9.278877E-08	250982
9.262742E-08	251282
9.286945E-08	251582
9.220985E-08	251882
9.252525E-08	252182
9.278197E-08	252482
9.211103E-08	252782
9.145175E-08	253083
9.236631E-08	253383
9.246104E-08	253683
9.248834E-08	253983
9.298495E-08	254283
9.493328E-08	254583
9.553460E-08	254883
9.615927E-08	255183
9.668561E-08	255483
9.586984E-08	255783
9.577308E-08	256083
9.606862E-08	256383
9.548403E-08	256683
9.579437E-08	256983
9.614489E-08	257283
9.601266E-08	257583
9.563333E-08	257883
9.560086E-08	258183
9.576008E-08	258483
9.561462E-08	258783
9.610019E-08	259083
9.532712E-08	259383
9.608379E-08	259683
9.566027E-08	259983
9.556194E-08	260285
9.566720E-08	260585
9.574678E-08	260885
9.543135E-08	261185
9.599382E-08	261485
9.556664E-08	261785
9.585031E-08	262085
9.606838E-08	262385
9.600275E-08	262685
9.541425E-08	262985
9.582543E-08	263285
9.606839E-08	263585
9.587881E-08	263885
9.593273E-08	264185
9.737536E-08	264485
9.961425E-08	264785
9.938733E-08	265085
9.910335E-08	265385
1.000391E-07	265685
9.925032E-08	265985
9.989245E-08	266285
9.957188E-08	266585
9.983887E-08	266885
9.933331E-08	267185
9.992119E-08	267485
9.962862E-08	267786
9.960272E-08	268086
9.967640E-08	268386
9.969287E-08	268686
9.948098E-08	268986
9.979244E-08	269286
9.946588E-08	269586
1.000162E-07	269886
9.617776E-08	270192
9.979778E-08	270492
9.948068E-08	270792
9.960718E-08	271092
9.978616E-08	271392
9.953699E-08	271692
9.965251E-08	271992
9.973834E-08	272292
9.955723E-08	272592
9.953838E-08	272892
9.957910E-08	273192
9.969153E-08	273492
9.914642E-08	273792
9.956814E-08	274092
1.002042E-07	274392
1.042706E-07	274692
1.063028E-07	274993
1.043277E-07	275293
1.039373E-07	275593
1.044178E-07	275893
1.041175E-07	276193
1.043229E-07	276493
1.043314E-07	276793
1.044572E-07	277093
1.035807E-07	277393
1.036939E-07	277693
1.040379E-07	277993
1.041528E-07	278293
1.043133E-07	278593
1.043655E-07	278893
1.043588E-07	279193
1.041875E-07	279493
1.042521E-07	279793
1.047886E-07	280093
1.044883E-07	280393
1.044968E-07	280693
1.041144E-07	280993
1.041718E-07	281293
1.041872E-07	281593
1.043071E-07	281893
1.051100E-07	282195
1.044056E-07	282495
1.043519E-07	282795
1.043054E-07	283095
1.046958E-07	283395
1.043366E-07	283695
1.040700E-07	283995
1.045785E-07	284295
1.073934E-07	284595
1.086511E-07	284895
1.081698E-07	285195
1.084084E-07	285495
1.082735E-07	285795
1.084757E-07	286095
1.084163E-07	286395
1.085027E-07	286695
1.083398E-07	286995
1.089778E-07	287295
1.083931E-07	287595
1.086651E-07	287895
1.084323E-07	288195
1.088025E-07	288495
1.083196E-07	288795
1.088074E-07	289095
1.089806E-07	289395
1.084201E-07	289696
1.088794E-07	289996
1.085913E-07	290296
1.088415E-07	290596
1.088321E-07	290896
1.083965E-07	291196
1.088176E-07	291496
1.085636E-07	291796
1.088018E-07	292096
1.085278E-07	292396
1.087202E-07	292696
1.086969E-07	292996
1.088800E-07	293296
1.085284E-07	293596
1.087943E-07	293896
1.084921E-07	294196
1.099844E-07	294496
1.115643E-07	294796
1.117864E-07	295096
1.115938E-07	295396
1.115616E-07	295696
1.117107E-07	295996
1.117909E-07	296296
1.123292E-07	296596
1.111890E-07	296899
1.119400E-07	297199
1.116310E-07	297499
1.115764E-07	297799
1.119491E-07	298099
1.116337E-07	298399
1.117104E-07	298699
1.118155E-07	298999
1.124373E-07	299299
1.077153E-07	299606
1.119298E-07	299906
1.118562E-07	300206
1.114950E-07	300506
1.118268E-07	300806
1.119464E-07	301106
1.113083E-07	301406
1.119243E-07	301706
1.112748E-07	302006
1.120179E-07	302306
1.119407E-07	302606
1.119399E-07	302906
1.118368E-07	303206
1.123364E-07	303506
1.119366E-07	303806
1.119673E-07	304106
1.116526E-07	304407
1.165248E-07	304707
1.161567E-07	305007
1.164308E-07	305307
1.164192E-07	305607
1.162237E-07	305907
1.157989E-07	306207
1.159575E-07	306507
1.163207E-07	306807
1.159315E-07	307107
1.159965E-07	307407
1.160949E-07	307707
1.161537E-07	308007
1.158439E-07	308307
1.157957E-07	308607
1.158255E-07	308907
1.159083E-07	309207
1.158521E-07	309507
1.159509E-07	309807
1.158199E-07	310107
1.157702E-07	310407
1.159462E-07	310707
1.158743E-07	311007
1.159463E-07	311307
1.156430E-07	311609
1.160990E-07	311909
1.162161E-07	312209
1.163734E-07	312509
1.160580E-07	312809
1.159728E-07	313109
1.162443E-07	313409
1.163946E-07	313709
1.159824E-07	314009
1.165255E-07	314309
1.190050E-07	314609
1.200413E-07	314909
1.199295E-07	315209
1.200802E-07	315509
1.198502E-07	315809
1.200208E-07	316109
1.200981E-07	316409
1.201784E-07	316709
1.200652E-07	317009
1.201094E-07	317309
1.197197E-07	317609
1.200433E-07	317909
1.198947E-07	318209
1.194726E-07	318509
1.207833E-07	318810
1.199705E-07	319110
1.198049E-07	319410
1.200352E-07	319710
1.196266E-07	320010
1.198895E-07	320310
1.201920E-07	320610
1.196688E-07	320910
1.197944E-07	321210
1.198838E-07	321510
1.197251E-07	321810
1.196999E-07	322110
1.200567E-07	322410
1.198177E-07	322710
1.199736E-07	323010
1.197427E-07	323310
1.195860E-07	323610
1.197310E-07	323910
1.195242E-07	324210
1.221402E-07	324510
1.243173E-07	324810
1.248518E-07	325110
1.244690E-07	325410
1.248216E-07	325710
1.247404E-07	326010
1.237406E-07	326311
1.245307E-07	326611
1.246894E-07	326911
1.246610E-07	327211
1.246723E-07	327511
1.244345E-07	327811
1.247390E-07	328111
1.243630E-07	328411
1.257004E-07	328711
1.255359E-07	329017
1.252127E-07	329317
1.249571E-07	329617
1.246569E-07	329917
1.248432E-07	330217
1.251980E-07	330517
1.245431E-07	330817
1.246806E-07	331117
1.245493E-07	331417
1.246536E-07	331717
1.244696E-07	332017
1.246282E-07	332317
1.247714E-07	332617
1.245916E-07	332917
1.242707E-07	333217
1.255817E-07	333519
1.243965E-07	333819
1.245937E-07	334119
1.250828E-07	334419
1.289163E-07	334719
1.286024E-07	335019
1.286101E-07	335319
1.286420E-07	335619
1.288761E-07	335919
1.287521E-07	336219
1.287976E-07	336519
1.290289E-07	336819
1.294175E-07	337119
1.293060E-07	337419
1.291406E-07	337719
1.291495E-07	338019
1.294011E-07	338319
1.291775E-07	338619
1.292746E-07	338919
1.290635E-07	339219
1.291238E-07	339519
1.289913E-07	339819
1.289984E-07	340119
1.290771E-07	340419
1.294288E-07	340720
1.289611E-07	341020
1.291666E-07	341320
1.290241E-07	341620
1.289584E-07	341920
1.289106E-07	342220
1.288823E-07	342520
1.288071E-07	342820
1.292108E-07	343120
1.291338E-07	343420
1.291207E-07	343720
1.296912E-07	344020
1.292524E-07	344320
1.317651E-07	344620
1.328666E-07	344920
1.327159E-07	345220
1.329771E-07	345520
1.331465E-07	345820
1.336048E-07	346120
1.327139E-07	346420
1.328000E-07	346720
1.330974E-07	347020
1.329021E-07	347320
1.325348E-07	347620
1.326141E-07	347920
1.339018E-07	348221
1.327292E-07	348521
1.323796E-07	348821
1.328256E-07	349121
1.326691E-07	349421
1.327231E-07	349721
1.327235E-07	350021
1.328300E-07	350321
1.327402E-07	350621
1.329452E-07	350921
1.327446E-07	351221
1.328321E-07	351521
1.327019E-07	351821
1.327678E-07	352121
1.331315E-07	352421
1.326940E-07	352721
1.326680E-07	353021
1.327627E-07	353321
1.328991E-07	353621
1.330676E-07	353921
1.325904E-07	354221
1.345337E-07	354521
1.361210E-07	354821
1.362519E-07	355121
1.373715E-07	355424
1.370851E-07	355724
1.367777E-07	356024
1.371752E-07	356324
1.367594E-07	356624
1.365356E-07	356924
1.366443E-07	357224
1.369330E-07	357524
1.365493E-07	357824
1.364494E-07	358124
1.362197E-07	358431
1.370482E-07	358731
1.368701E-07	359031
1.368899E-07	359331
1.370560E-07	359631
1.371303E-07	359931
1.371310E-07	360231
1.369854E-07	360531
1.371247E-07	360831
1.373413E-07	361131
1.372925E-07	361431
1.369952E-07	361731
1.371959E-07	362031
1.369443E-07	362331
1.369368E-07	362631
1.374081E-07	362932
1.371641E-07	363232
1.372119E-07	363532
1.369139E-07	363832
1.370000E-07	364132
1.370714E-07	364432
1.411494E-07	364732
1.408824E-07	365032
1.409968E-07	365332
1.408935E-07	365632
1.415428E-07	365932
1.405506E-07	366232
1.407322E-07	366532
1.408939E-07	366832
1.411334E-07	367132
1.412051E-07	367432
1.409731E-07	367732
1.413610E-07	368032
1.409878E-07	368332
1.409743E-07	368632
1.414037E-07	368932
1.414645E-07	369232
1.414557E-07	369532
1.411385E-07	369832
1.415322E-07	370133
1.408299E-07	370433
1.410941E-07	370733
1.410114E-07	371033
1.408558E-07	371333
1.408846E-07	371633
1.407128E-07	371933
1.409042E-07	372233
1.411713E-07	372533
1.409147E-07	372833
1.412455E-07	373133
1.414676E-07	373433
1.413729E-07	373733
1.414913E-07	374033
1.414629E-07	374333
1.451655E-07	374633
1.458638E-07	374933
1.461482E-07	375233
1.462295E-07	375533
1.457818E-07	375833
1.454721E-07	376133
1.457108E-07	376433
1.454438E-07	376733
1.457761E-07	377033
1.480078E-07	377335
1.460296E-07	377635
1.457245E-07	377935
1.454303E-07	378235
1.452674E-07	378535
1.456482E-07	378835
1.454817E-07	379135
1.458187E-07	379435
1.456232E-07	379735
1.458679E-07	380035
1.459081E-07	380335
1.461475E-07	380635
1.458845E-07	380935
1.459688E-07	381235
1.452086E-07	381535
1.455935E-07	381835
1.457336E-07	382135
1.452532E-07	382435
1.456608E-07	382735
1.452696E-07	383035
1.454312E-07	383335
1.448383E-07	383635
1.444260E-07	383935
1.453771E-07	384235
1.474386E-07	384535
1.488151E-07	384836
1.493052E-07	385136
1.497338E-07	385436
1.498988E-07	385736
1.498150E-07	386036
1.493716E-07	386336
1.492464E-07	386636
1.493941E-07	386936
1.491354E-07	387236
1.491298E-07	387536
1.524392E-07	387842
1.487136E-07	388142
1.486989E-07	388442
1.489381E-07	388742
1.495975E-07	389042
1.495392E-07	389342
1.493995E-07	389642
1.497358E-07	389942
1.495878E-07	390242
1.495909E-07	390542
1.497177E-07	390842
1.495926E-07	391142
1.493964E-07	391442
1.494573E-07	391742
1.501482E-07	392043
1.498216E-07	392343
1.490448E-07	392643
1.498860E-07	392943
1.493209E-07	393243
1.497689E-07	393543
1.496863E-07	393843
1.496999E-07	394143
1.508475E-07	394443
1.547687E-07	394743
1.541801E-07	395043
1.545103E-07	395343
1.546815E-07	395643
1.545398E-07	395943
1.547143E-07	396243
1.539984E-07	396543
1.543520E-07	396843
1.540550E-07	397143
1.539126E-07	397443
1.539960E-07	397743
1.542257E-07	398043
1.542858E-07	398343
1.545398E-07	398643
1.546126E-07	398943
1.542411E-07	399244
1.543325E-07	399544
1.546065E-07	399844
1.545495E-07	400144
1.545815E-07	400444
1.544229E-07	400744
1.541494E-07	401044
1.540714E-07	401344
1.542273E-07	401644
1.541748E-07	401944
1.538790E-07	402244
1.532154E-07	402544
1.539236E-07	402844
1.540408E-07	403144
1.543535E-07	403444
1.543262E-07	403744
1.541179E-07	404044
1.544029E-07	404344
1.564481E-07	404644
1.575070E-07	404944
1.573097E-07	405244
1.579056E-07	405544
1.577866E-07	405844
1.575262E-07	406144
1.576776E-07	406444
1.572353E-07	406746
1.573665E-07	407046
1.574324E-07	407346
1.579358E-07	407646
1.579752E-07	407946
1.580248E-07	408246
1.584297E-07	408546
1.581126E-07	408846
1.581868E-07	409146
1.586567E-07	409446
1.586410E-07	409746
1.583666E-07	410046
1.579378E-07	410346
1.579544E-07	410646
1.581027E-07	410946
1.584701E-07	411246
1.579639E-07	411546
1.581953E-07	411846
1.580384E-07	412146
1.580224E-07	412446
1.580269E-07	412746
1.578535E-07	413046
1.581516E-07	413346
1.585728E-07	413646
1.589632E-07	413948
1.586232E-07	414248
1.599100E-07	414548
1.619541E-07	414848
1.619136E-07	415148
1.619975E-07	415448
1.619645E-07	415748
1.622097E-07	416048
1.619230E-07	416348
1.620864E-07	416648
1.622915E-07	416948
1.611934E-07	417254
1.627994E-07	417554
1.629391E-07	417854
1.630252E-07	418154
1.625497E-07	418454
1.623139E-07	418754
1.619202E-07	419054
1.619650E-07	419354
1.619743E-07	419654
1.618053E-07	419954
1.623443E-07	420254
1.618558E-07	420554
1.620625E-07	420854
1.621879E-07	421154
1.619466E-07	421456
1.622290E-07	421756
1.620450E-07	422056
1.621796E-07	422356
1.627200E-07	422656
1.620530E-07	422956
1.622275E-07	423256
1.624542E-07	423556
1.624836E-07	423856
1.621933E-07	424156
1.635006E-07	424456
1.665561E-07	424756
1.664050E-07	425056
1.664926E-07	425356
1.666569E-07	425656
1.665349E-07	425956
1.669857E-07	426256
1.664095E-07	426556
1.667149E-07	426856
1.657149E-07	427156
1.661327E-07	427456
1.662921E-07	427756
1.659620E-07	428056
1.655393E-07	428356
1.672167E-07	428657
1.662360E-07	428957
1.654941E-07	429257
1.652242E-07	429557
1.657898E-07	429857
1.662440E-07	430157
1.662608E-07	430457
1.661259E-07	430757
1.661371E-07	431057
1.658061E-07	431357
1.663096E-07	431657
1.662475E-07	431957
1.663517E-07	432257
1.665260E-07	432557
1.665110E-07	432857
1.660219E-07	433157
1.661086E-07	433457
1.665288E-07	433757
1.666299E-07	434057
1.663735E-07	434357
1.697072E-07	434657
1.707867E-07	434957
1.709377E-07	435257
1.704867E-07	435557
1.711160E-07	435858
1.704649E-07	436158
1.705511E-07	436458
1.705460E-07	436758
1.705234E-07	437058
1.709203E-07	437358
1.704690E-07	437658
1.704792E-07	437958
1.709048E-07	438258
1.705736E-07	438558
1.713310E-07	438858
1.709076E-07	439158
1.711426E-07	439458
1.709817E-07	439758
1.716158E-07	440058
1.713402E-07	440358
1.713341E-07	440658
1.714825E-07	440958
1.721287E-07	441258
1.716451E-07	441558
1.716758E-07	441858
1.710468E-07	442158
1.716874E-07	442458
1.710203E-07	442758
1.713001E-07	443058
1.726510E-07	443360
1.711219E-07	443660
1.709097E-07	443960
1.705521E-07	444260
1.728563E-07	444560
1.748369E-07	444860
1.743444E-07	445160
1.748311E-07	445460
1.751267E-07	445760
1.752764E-07	446060
1.751006E-07	446360
1.735608E-07	446665
1.755341E-07	446965
1.760170E-07	447265
1.753349E-07	447565
1.752564E-07	447865
1.750238E-07	448165
1.755400E-07	448465
1.749383E-07	448765
1.752402E-07	449065
1.749873E-07	449365
1.752189E-07	449665
1.748044E-07	449965
1.749424E-07	450265
1.752493E-07	450566
1.756825E-07	450866
1.753453E-07	451166
1.753491E-07	451466
1.755010E-07	451766
1.753704E-07	452066
1.753593E-07	452366
1.754141E-07	452666
1.752576E-07	452966
1.756451E-07	453266
1.756506E-07	453566
1.750970E-07	453866
1.750300E-07	454166
1.756079E-07	454466
1.781665E-07	454766
1.782779E-07	455066
1.778683E-07	455366
1.783577E-07	455666
1.780801E-07	455966
1.778363E-07	456266
1.783111E-07	456566
1.782220E-07	456866
1.784805E-07	457166
1.786445E-07	457466
1.785940E-07	457766
1.776381E-07	458068
1.786325E-07	458368
1.790731E-07	458668
1.788001E-07	458968
1.789603E-07	459268
1.791295E-07	459568
1.789430E-07	459868
1.785967E-07	460168
1.786727E-07	460468
1.785738E-07	460768
1.786473E-07	461068
1.786923E-07	461368
1.788830E-07	461668
1.786675E-07	461968
1.787118E-07	462268
1.779569E-07	462568
1.786974E-07	462868
1.785975E-07	463168
1.791347E-07	463468
1.793424E-07	463768
1.791928E-07	464068
1.786519E-07	464368
1.822871E-07	464668
1.830764E-07	464968
1.824786E-07	465269
1.830358E-07	465569
1.832954E-07	465869
1.831270E-07	466169
1.832337E-07	466469
1.834195E-07	466769
1.835296E-07	467069
1.833472E-07	467369
1.829248E-07	467669
1.830818E-07	467969
1.831241E-07	468269
1.824921E-07	468569
1.831334E-07	468869
1.826446E-07	469169
1.830901E-07	469469
1.831102E-07	469769
1.834219E-07	470069
1.829493E-07	470369
1.832889E-07	470669
1.831198E-07	470969
1.833505E-07	471269
1.831098E-07	471569
1.833879E-07	471869
1.832521E-07	472169
1.824897E-07	472472
1.832774E-07	472772
1.836320E-07	473072
1.837350E-07	473372
1.836876E-07	473672
1.830954E-07	473972
1.832467E-07	474272
1.850528E-07	474572
1.879175E-07	474872
1.870547E-07	475172
1.874711E-07	475472
1.876646E-07	475772
1.863546E-07	476078
1.877371E-07	476378
1.875331E-07	476678
1.871348E-07	476978
1.873799E-07	477278
1.874558E-07	477578
1.878277E-07	477878
1.874508E-07	478178
1.877163E-07	478478
1.875597E-07	478778
1.878657E-07	479078
1.874493E-07	479378
1.876341E-07	479678
1.873814E-07	479979
1.876885E-07	480279
1.876112E-07	480579
1.874718E-07	480879
1.881140E-07	481179
1.877663E-07	481479
1.881806E-07	481779
1.879705E-07	482079
1.880461E-07	482379
1.879965E-07	482679
1.880740E-07	482979
1.881248E-07	483279
1.876477E-07	483579
1.880382E-07	483879
1.878475E-07	484179
1.886752E-07	484479
1.916842E-07	484779
1.917765E-07	485079
1.917184E-07	485379
1.918321E-07	485679
1.916177E-07	485979
1.918157E-07	486279
1.914534E-07	486579
1.918707E-07	486879
1.924020E-07	487181
1.919002E-07	487481
1.916914E-07	487781
1.915028E-07	488081
1.913298E-07	488381
1.917133E-07	488681
1.915519E-07	488981
1.919849E-07	489281
1.915907E-07	489581
1.920526E-07	489881
1.920468E-07	490181
1.917834E-07	490481
1.918830E-07	490781
1.915566E-07	491081
1.915463E-07	491381
1.913633E-07	491681
1.920122E-07	491981
1.920624E-07	492281
1.919886E-07	492581
1.920156E-07	492881
1.920554E-07	493181
1.921035E-07	493481
1.919965E-07	493781
1.923081E-07	494081
1.899572E-07	494382
1.963672E-07	494682
1.961717E-07	494982
1.966174E-07	495282
1.963543E-07	495582
1.966300E-07	495882
1.961938E-07	496182
1.966398E-07	496482
1.965675E-07	496782
1.972226E-07	497082
1.969020E-07	497382
1.970333E-07	497682
1.967418E-07	497982
1.964370E-07	498282
1.969334E-07	498582
1.964136E-07	498882
1.964459E-07	499182
1.966460E-07	499482
1.962072E-07	499782
1.967609E-07	500082
1.965531E-07	500382
1.968898E-07	500682
1.965246E-07	500982
1.968901E-07	501282
1.966200E-07	501582
1.970854E-07	501883
1.968920E-07	502183
1.967157E-07	502483
1.966234E-07	502783
1.965462E-07	503083
1.965483E-07	503383
1.969561E-07	503683
1.962471E-07	503983
1.966983E-07	504283
1.987139E-07	504583
2.011038E-07	504883
2.012479E-07	505183
2.050263E-07	505490
2.014085E-07	505789
2.010453E-07	506090
2.006437E-07	506389
2.011726E-07	506690
2.008493E-07	506989
2.014877E-07	507290
2.012849E-07	507589
2.012036E-07	507890
2.009023E-07	508189
2.011778E-07	508490
2.009069E-07	508789
1.997722E-07	509091
2.014856E-07	509391
2.016957E-07	509691
2.011571E-07	509991
2.013826E-07	510291
2.013812E-07	510591
2.010739E-07	510891
2.011383E-07	511191
2.010609E-07	511491
2.010361E-07	511791
2.009967E-07	512091
2.009981E-07	512391
2.015304E-07	512691
2.008193E-07	512991
2.009335E-07	513291
2.012986E-07	513591
2.017581E-07	513891
2.016732E-07	514191
2.015349E-07	514491
2.049510E-07	514791
2.055867E-07	515091
2.054066E-07	515391
2.053768E-07	515691
2.052327E-07	515991
2.056109E-07	516291
2.044973E-07	516592
2.054063E-07	516892
2.053578E-07	517192
2.055460E-07	517492
2.055750E-07	517792
2.054709E-07	518092
2.052146E-07	518392
2.055995E-07	518692
2.056458E-07	518992
2.059590E-07	519292
2.057910E-07	519592
2.056203E-07	519892
2.056605E-07	520192
2.056317E-07	520492
2.050608E-07	520792
2.051069E-07	521092
2.054094E-07	521392
2.052079E-07	521692
2.050337E-07	521992
2.054596E-07	522292
2.052277E-07	522592
2.059895E-07	522892
2.059279E-07	523192
2.058305E-07	523492
2.052798E-07	523793
2.060112E-07	524093
2.055112E-07	524393
2.090793E-07	524693
2.090080E-07	524993
2.095499E-07	525293
2.094737E-07	525593
2.090470E-07	525893
2.092317E-07	526193
2.094290E-07	526493
2.092846E-07	526793
2.092620E-07	527093
2.092472E-07	527393
2.094426E-07	527693
2.094003E-07	527993
2.092431E-07	528293
2.092900E-07	528593
2.093807E-07	528893
2.090803E-07	529193
2.087733E-07	529493
2.089672E-07	529793
2.091265E-07	530093
2.087727E-07	530393
2.094860E-07	530693
2.113058E-07	530996
2.095189E-07	531296
2.096747E-07	531596
2.091979E-07	531896
2.094102E-07	532196
2.092057E-07	532496
2.093988E-07	532796
2.093017E-07	533096
2.094211E-07	533396
2.092618E-07	533696
2.091422E-07	533996
2.088798E-07	534296
2.108783E-07	534596
2.145352E-07	534902
2.129595E-07	535202
2.136855E-07	535502
2.130414E-07	535802
2.135836E-07	536102
2.139047E-07	536402
2.136548E-07	536702
2.135283E-07	537002
2.135328E-07	537302
2.136094E-07	537602
2.134942E-07	537902
2.137872E-07	538202
2.139171E-07	538504
2.137157E-07	538804
2.135943E-07	539104
2.137486E-07	539404
2.135658E-07	539704
2.137371E-07	540004
2.137176E-07	540304
2.135001E-07	540604
2.135410E-07	540904
2.134688E-07	541204
2.136147E-07	541504
2.135985E-07	541804
2.136232E-07	542104
2.133885E-07	542404
2.134414E-07	542704
2.134920E-07	543004
2.134950E-07	543304
2.135447E-07	543604
2.136187E-07	543904
2.127799E-07	544204
2.138511E-07	544504
2.171191E-07	544804
2.171817E-07	545104
2.174693E-07	545404
2.179582E-07	545705
2.169209E-07	546005
2.170426E-07	546305
2.171401E-07	546605
2.180290E-07	546905
2.181666E-07	547205
2.179073E-07	547505
2.173415E-07	547805
2.173439E-07	548105
2.172403E-07	548405
2.174907E-07	548705
2.173362E-07	549005
2.176230E-07	549305
2.175365E-07	549605
2.175770E-07	549905
2.178370E-07	550205
2.174155E-07	550505
2.170285E-07	550805
2.176012E-07	551105
2.172228E-07	551405
2.175507E-07	551705
2.173898E-07	552005
2.174223E-07	552305
2.176062E-07	552605
2.181240E-07	552906
2.178445E-07	553206
2.176874E-07	553506
2.176358E-07	553806
2.176045E-07	554106
2.173809E-07	554406
2.213360E-07	554706
2.226316E-07	555006
2.229106E-07	555306
2.223830E-07	555606
2.221969E-07	555906
2.222573E-07	556206
2.222040E-07	556506
2.221326E-07	556806
2.225207E-07	557106
2.231327E-07	557406
2.228870E-07	557706
2.223708E-07	558006
2.228260E-07	558306
2.223441E-07	558606
2.230779E-07	558906
2.224388E-07	559206
2.227583E-07	559506
2.230827E-07	559806
2.228906E-07	560106
2.215195E-07	560408
2.223765E-07	560708
2.226854E-07	561008
2.234187E-07	561308
2.232280E-07	561608
2.231512E-07	561908
2.227345E-07	562208
2.226576E-07	562508
2.222566E-07	562808
2.225119E-07	563108
2.227484E-07	563408
2.227844E-07	563708
2.228402E-07	564008
2.204002E-07	564314
2.243760E-07	564614
2.258287E-07	564914
2.260581E-07	565214
2.264673E-07	565514
2.265062E-07	565814
2.269848E-07	566114
2.265811E-07	566414
2.268187E-07	566714
2.271746E-07	567014
2.270054E-07	567314
2.255503E-07	567615
2.268645E-07	567915
2.269222E-07	568215
2.274043E-07	568515
2.271962E-07	568815
2.263452E-07	569115
2.267431E-07	569415
2.266385E-07	569715
2.268836E-07	570015
2.266802E-07	570315
2.265712E-07	570615
2.266426E-07	570915
2.270077E-07	571215
2.267777E-07	571515
2.268756E-07	571815
2.265946E-07	572115
2.267009E-07	572415
2.273505E-07	572715
2.260590E-07	573015
2.267359E-07	573315
2.263695E-07	573615
2.270354E-07	573915
2.266010E-07	574215
2.273826E-07	574515
2.299525E-07	574815
2.305377E-07	575116
2.307584E-07	575416
2.298072E-07	575716
2.302034E-07	576016
2.299299E-07	576316
2.306466E-07	576616
2.301484E-07	576916
2.301118E-07	577216
2.298512E-07	577516
2.303536E-07	577816
2.303495E-07	578116
2.301284E-07	578416
2.296389E-07	578716
2.302556E-07	579016
2.293067E-07	579316
2.291772E-07	579616
2.293327E-07	579916
2.300074E-07	580216
2.303792E-07	580516
2.301350E-07	580816
2.304180E-07	581116
2.302982E-07	581416
2.303889E-07	581716
2.300378E-07	582016
2.286157E-07	582318
2.304225E-07	582618
2.301307E-07	582918
2.305132E-07	583218
2.303451E-07	583518
2.304502E-07	583818
2.303291E-07	584118
2.297026E-07	584418
2.342565E-07	584718
2.346443E-07	585018
2.343995E-07	585318
2.339616E-07	585618
2.342081E-07	585918
2.340752E-07	586218
2.344105E-07	586518
2.343566E-07	586818
2.344795E-07	587118
2.347349E-07	587418
2.341927E-07	587718
2.350924E-07	588018
2.343248E-07	588318
2.341874E-07	588618
2.343268E-07	588918
2.346602E-07	589218
2.344571E-07	589520
2.340832E-07	589820
2.343416E-07	590120
2.344289E-07	590420
2.341794E-07	590720
2.350134E-07	591020
2.347018E-07	591320
2.349968E-07	591620
2.344327E-07	591920
2.348233E-07	592220
2.341157E-07	592520
2.347175E-07	592820
2.347124E-07	593120
2.349045E-07	593420
2.369269E-07	593726
2.350904E-07	594026
2.343396E-07	594326
2.381616E-07	594626
2.398676E-07	594926
2.398410E-07	595226
2.402695E-07	595526
2.402028E-07	595826
2.406454E-07	596126
2.398137E-07	596426
2.398637E-07	596726
2.402926E-07	597028
2.403142E-07	597328
2.398996E-07	597628
2.397186E-07	597928
2.401067E-07	598228
2.394345E-07	598528
2.396410E-07	598828
2.406057E-07	599128
2.402817E-07	599428
2.402377E-07	599728
2.400971E-07	600028
2.397594E-07	600328
2.398723E-07	600628
2.399724E-07	600928
2.399399E-07	601228
2.397232E-07	601528
2.399468E-07	601828
2.400140E-07	602128
2.404065E-07	602428
2.397477E-07	602728
2.397210E-07	603028
2.403681E-07	603328
2.405228E-07	603628
2.403825E-07	603928
2.398999E-07	604229
2.402909E-07	604529
2.431560E-07	604829
2.427581E-07	605129
2.432655E-07	605429
2.433627E-07	605729
2.435066E-07	606029
2.433237E-07	606329
2.430294E-07	606629
2.430046E-07	606929
2.432476E-07	607229
2.432839E-07	607529
2.434190E-07	607829
2.433414E-07	608129
2.440214E-07	608429
2.432719E-07	608729
2.435218E-07	609029
2.432855E-07	609329
2.440191E-07	609629
2.433882E-07	609929
2.437175E-07	610229
2.430560E-07	610529
2.438692E-07	610829
2.434754E-07	611129
2.439528E-07	611429
2.424871E-07	611730
2.442528E-07	612030
2.444157E-07	612330
2.436051E-07	612630
2.440451E-07	612930
2.433519E-07	613230
2.435549E-07	613530
2.437542E-07	613830
2.440491E-07	614130
2.426273E-07	614430
2.464490E-07	614730
2.469154E-07	615030
2.464168E-07	615330
2.466903E-07	615630
2.471456E-07	615930
2.473171E-07	616230
2.471937E-07	616530
2.476418E-07	616830
2.472953E-07	617130
2.475086E-07	617430
2.472545E-07	617730
2.476371E-07	618030
2.471627E-07	618330
2.473448E-07	618630
2.457172E-07	618932
2.465199E-07	619232
2.469036E-07	619532
2.473833E-07	619832
2.472066E-07	620132
2.474870E-07	620432
2.473330E-07	620732
2.472406E-07	621032
2.467235E-07	621332
2.471104E-07	621632
2.471742E-07	621932
2.470918E-07	622232
2.474482E-07	622532
2.470370E-07	622832
2.450798E-07	623137
2.469105E-07	623437
2.470774E-07	623737
2.468728E-07	624037
2.472167E-07	624337
2.505535E-07	624637
2.520243E-07	624937
2.518404E-07	625237
2.525416E-07	625537
2.520428E-07	625837
2.525348E-07	626139
2.519656E-07	626439
2.520027E-07	626739
2.528529E-07	627039
2.520740E-07	627339
2.525254E-07	627639
2.522137E-07	627939
2.522574E-07	628239
2.524188E-07	628539
2.522359E-07	628839
2.519687E-07	629139
2.521353E-07	629439
2.520583E-07	629739
2.519964E-07	630039
2.517162E-07	630339
2.525038E-07	630639
2.518391E-07	630939
2.518538E-07	631239
2.519039E-07	631539
2.517384E-07	631839
2.515753E-07	632139
2.518543E-07	632439
2.521756E-07	632739
2.520281E-07	633039
2.522402E-07	633339
2.517825E-07	633640
2.525851E-07	633940
2.523950E-07	634240
2.529868E-07	634540
2.554853E-07	634840
2.551037E-07	635140
2.561582E-07	635440
2.552703E-07	635740
2.556135E-07	636040
2.561005E-07	636340
2.565569E-07	636640
2.561575E-07	636940
2.558832E-07	637240
2.559639E-07	637540
2.560828E-07	637840
2.559407E-07	638140
2.559810E-07	638440
2.561586E-07	638740
2.559864E-07	639040
2.561868E-07	639340
2.564792E-07	639640
2.558315E-07	639940
2.561130E-07	640240
2.558946E-07	640540
2.546230E-07	640841
2.559179E-07	641141
2.562667E-07	641441
2.559385E-07	641741
2.563012E-07	642041
2.560058E-07	642341
2.563567E-07	642641
2.558755E-07	642941
2.567348E-07	643241
2.559366E-07	643541
2.564411E-07	643841
2.559420E-07	644141
2.559803E-07	644441
2.609713E-07	644741
2.603655E-07	645041
2.602628E-07	645341
2.600110E-07	645641
2.597222E-07	645941
2.600675E-07	646241
2.597674E-07	646541
2.600994E-07	646841
2.600385E-07	647141
2.605285E-07	647441
2.600335E-07	647741
2.615936E-07	648044
2.601182E-07	648344
2.605221E-07	648644
2.602923E-07	648944
2.604428E-07	649244
2.604804E-07	649544
2.604106E-07	649844
2.604295E-07	650144
2.601102E-07	650444
2.600179E-07	650744
2.605890E-07	651044
2.605338E-07	651344
2.605572E-07	651644
2.602384E-07	651944
2.607166E-07	652244
2.552574E-07	652551
2.612258E-07	652851
2.604035E-07	653151
2.597810E-07	653451
2.611219E-07	653751
2.608731E-07	654051
2.601012E-07	654351
2.626541E-07	654651
2.641289E-07	654951
2.635128E-07	655251
2.625625E-07	655552
2.639437E-07	655852
2.640311E-07	656152
2.640031E-07	656452
2.637785E-07	656752
2.640185E-07	657052
2.641484E-07	657352
2.638946E-07	657652
2.647062E-07	657952
2.645555E-07	658252
2.646659E-07	658552
2.648019E-07	658852
2.645626E-07	659152
2.648057E-07	659452
2.649415E-07	659752
2.646405E-07	660052
2.646839E-07	660352
2.651601E-07	660652
2.646351E-07	660952
2.651026E-07	661252
2.643376E-07	661552
2.649449E-07	661852
2.650847E-07	662152
2.647307E-07	662452
2.660035E-07	662753
2.650251E-07	663053
2.640680E-07	663353
2.644492E-07	663653
2.647109E-07	663953
2.645228E-07	664253
2.660051E-07	664553
2.689259E-07	664853
2.684689E-07	665153
2.687079E-07	665453
2.685118E-07	665753
2.690097E-07	666053
2.691968E-07	666353
2.692630E-07	666653
2.687145E-07	666953
2.690680E-07	667253
2.688453E-07	667553
2.687713E-07	667853
2.683536E-07	668153
2.690616E-07	668453
2.691489E-07	668753
2.693581E-07	669053
2.689853E-07	669353
2.687669E-07	669653
2.687785E-07	669953
2.698589E-07	670255
2.688514E-07	670555
2.687824E-07	670855
2.687283E-07	671155
2.690543E-07	671455
2.688598E-07	671755
2.687769E-07	672055
2.685848E-07	672355
2.690324E-07	672655
2.683155E-07	672955
2.693384E-07	673255
2.690700E-07	673555
2.696678E-07	673855
2.687948E-07	674155
2.685531E-07	674455
2.730190E-07	674755
2.734384E-07	675055
2.736284E-07	675355
2.731040E-07	675655
2.731511E-07	675955
2.734487E-07	676255
2.730965E-07	676555
2.733290E-07	676855
2.741798E-07	677155
2.725141E-07	677456
2.735128E-07	677756
2.733811E-07	678056
2.734717E-07	678356
2.731002E-07	678656
2.731374E-07	678956
2.731355E-07	679256
2.734839E-07	679556
2.735450E-07	679856
2.732109E-07	680156
2.734708E-07	680456
2.732329E-07	680756
2.735951E-07	681056
2.732786E-07	681356
2.736458E-07	681656
2.737401E-07	681962
2.728669E-07	682262
2.731009E-07	682562
2.732148E-07	682862
2.733338E-07	683162
2.731062E-07	683462
2.736606E-07	683762
2.739841E-07	684062
2.731641E-07	684362
2.756709E-07	684663
2.773915E-07	684963
2.773724E-07	685263
2.777724E-07	685563
2.777284E-07	685863
2.769605E-07	686163
2.772607E-07	686463
2.771345E-07	686763
2.769690E-07	687063
2.769156E-07	687363
2.769796E-07	687663
2.769549E-07	687963
2.770502E-07	688263
2.770116E-07	688563
2.770498E-07	688863
2.765694E-07	689163
2.768318E-07	689463
2.768682E-07	689763
2.768706E-07	690063
2.766718E-07	690363
2.766822E-07	690663
2.763880E-07	690963
2.769295E-07	691263
2.765623E-07	691563
2.770145E-07	691863
2.774013E-07	692164
2.770185E-07	692464
2.763969E-07	692764
2.770372E-07	693064
2.772910E-07	693364
2.770848E-07	693664
2.773353E-07	693964
2.772142E-07	694264
2.788992E-07	694564
2.814222E-07	694864
2.811217E-07	695164
2.817927E-07	695464
2.818154E-07	695764
2.814901E-07	696064
2.819096E-07	696364
2.814431E-07	696664
2.813214E-07	696964
2.819219E-07	697264
2.812207E-07	697564
2.811497E-07	697864
2.814544E-07	698164
2.815899E-07	698464
2.811337E-07	698764
2.814110E-07	699064
2.822912E-07	699366
2.821994E-07	699666
2.822470E-07	699966
2.821937E-07	700266
2.817752E-07	700566
2.816760E-07	700866
2.818830E-07	701166
2.825358E-07	701466
2.818841E-07	701766
2.820254E-07	702066
2.820708E-07	702366
2.817847E-07	702666
2.812641E-07	702966
2.817470E-07	703266
2.819316E-07	703566
2.818095E-07	703866
2.820400E-07	704166
2.815403E-07	704466
2.852820E-07	704766
2.854909E-07	705066
2.850213E-07	705366
2.852479E-07	705666
2.856620E-07	705966
2.855025E-07	706266
2.876557E-07	706568
2.859033E-07	706868
2.853118E-07	707168
2.854278E-07	707468
2.849069E-07	707768
2.850730E-07	708068
2.854117E-07	708368
2.854262E-07	708668
2.856098E-07	708968
2.852584E-07	709268
2.851667E-07	709568
2.851619E-07	709868
2.848820E-07	710168
2.855990E-07	710468
2.856163E-07	710768
2.852268E-07	711068
2.815538E-07	711375
2.848725E-07	711675
2.850517E-07	711975
2.848541E-07	712275
2.851476E-07	712575
2.854422E-07	712875
2.852893E-07	713175
2.848246E-07	713475
2.851380E-07	713775
2.850018E-07	714076
2.856595E-07	714376
2.883485E-07	714676
2.896959E-07	714976
2.899452E-07	715276
2.894065E-07	715576
2.892289E-07	715876
2.900082E-07	716176
2.900065E-07	716476
2.895786E-07	716776
2.900115E-07	717076
2.901029E-07	717376
2.900695E-07	717676
2.905158E-07	717976
2.901247E-07	718276
2.903338E-07	718576
2.901313E-07	718876
2.901298E-07	719176
2.902079E-07	719476
2.900023E-07	719776
2.900732E-07	720076
2.899401E-07	720376
2.896945E-07	720676
2.899116E-07	720976
2.902305E-07	721277
2.900526E-07	721577
2.897628E-07	721877
2.898039E-07	722177
2.899402E-07	722477
2.897109E-07	722777
2.897550E-07	723077
2.898803E-07	723377
2.904664E-07	723677
2.904059E-07	723977
2.900144E-07	724277
2.909018E-07	724577
2.945412E-07	724877
2.945076E-07	725177
2.946758E-07	725477
2.949386E-07	725777
2.947751E-07	726077
2.949824E-07	726377
2.943580E-07	726677
2.946418E-07	726977
2.945653E-07	727277
2.941963E-07	727577
2.942697E-07	727877
2.946550E-07	728177
2.948361E-07	728477
2.931413E-07	728779
2.946055E-07	729079
2.945702E-07	729379
2.942974E-07	729679
2.939521E-07	729979
2.941183E-07	730279
2.944848E-07	730579
2.941166E-07	730879
2.946076E-07	731179
2.938543E-07	731479
2.941449E-07	731779
2.943932E-07	732079
2.944302E-07	732379
2.940106E-07	732679
2.941544E-07	732979
2.945492E-07	733279
2.943574E-07	733579
2.945985E-07	733879
2.942649E-07	734179
2.942278E-07	734479
2.977713E-07	734779
2.982423E-07	735079
2.981160E-07	735379
2.982362E-07	735679
2.990912E-07	735980
2.983160E-07	736280
2.981363E-07	736580
2.985275E-07	736880
2.987368E-07	737180
2.987081E-07	737480
2.985118E-07	737780
2.983360E-07	738080
2.982386E-07	738380
2.986817E-07	738680
2.979411E-07	738980
2.978332E-07	739280
2.981229E-07	739580
2.981978E-07	739880
2.983369E-07	740180
2.984941E-07	740480
3.013714E-07	740785
2.984117E-07	741085
2.983971E-07	741385
2.984002E-07	741685
2.988496E-07	741985
2.991554E-07	742285
2.988401E-07	742585
2.984285E-07	742885
2.978692E-07	743187
2.983367E-07	743487
2.987041E-07	743787
2.987133E-07	744087
2.979364E-07	744387
3.020667E-07	744687
3.027738E-07	744987
3.032181E-07	745287
3.032098E-07	745587
3.033343E-07	745887
3.030200E-07	746187
3.030837E-07	746487
3.030207E-07	746787
3.026867E-07	747087
3.030027E-07	747387
3.028784E-07	747687
3.029358E-07	747987
3.030860E-07	748287
3.024316E-07	748587
3.031107E-07	748887
3.031483E-07	749187
3.030121E-07	749487
3.030314E-07	749787
3.031780E-07	750087
3.029435E-07	750387
3.038732E-07	750690
3.028977E-07	750988
3.031100E-07	751290
3.033113E-07	751588
3.027681E-07	751890
3.032987E-07	752188
3.031917E-07	752490
3.034634E-07	752789
3.033297E-07	753090
3.031894E-07	753388
3.032181E-07	753690
3.036212E-07	753988
3.033942E-07	754290
3.044194E-07	754588
3.074231E-07	754890
3.070976E-07	755188
3.071943E-07	755490
3.073402E-07	755789
3.070732E-07	756090
3.067874E-07	756388
3.071909E-07	756690
3.073352E-07	756988
3.070112E-07	757290
3.070334E-07	757588
3.076142E-07	757891
3.075208E-07	758189
3.081535E-07	758490
3.080840E-07	758789
3.072632E-07	759090
3.072761E-07	759389
3.076673E-07	759690
3.073840E-07	759989
3.077431E-07	760290
3.073265E-07	760589
3.077180E-07	760890
3.075794E-07	761189
3.074104E-07	761490
3.071641E-07	761789
3.074749E-07	762090
3.070097E-07	762389
3.075667E-07	762690
3.075247E-07	762989
3.076692E-07	763290
3.077001E-07	763589
3.078323E-07	763890
3.073506E-07	764189
3.076518E-07	764490
3.111365E-07	764789
3.107516E-07	765090
3.138463E-07	765392
3.113889E-07	765692
3.108723E-07	765992
3.116167E-07	766292
3.117099E-07	766592
3.113910E-07	766892
3.113957E-07	767192
3.109899E-07	767492
3.117278E-07	767792
3.115862E-07	768092
3.108659E-07	768392
3.115469E-07	768692
3.113034E-07	768992
3.112198E-07	769292
3.118131E-07	769592
3.114730E-07	769892
3.090456E-07	770198
3.114725E-07	770498
3.113086E-07	770798
3.113113E-07	771098
3.114210E-07	771398
3.118795E-07	771698
3.113388E-07	771998
3.116894E-07	772298
3.129622E-07	772600
3.116501E-07	772900
3.115495E-07	773200
3.116927E-07	773500
3.116606E-07	773800
3.118699E-07	774100
3.117189E-07	774400
3.149121E-07	774700
3.157807E-07	775000
3.161795E-07	775300
3.160939E-07	775600
3.163247E-07	775900
3.160739E-07	776200
3.165599E-07	776500
3.157720E-07	776800
3.162846E-07	777100
3.160572E-07	777400
3.157189E-07	777700
3.156263E-07	778000
3.160114E-07	778300
3.161485E-07	778600
3.159763E-07	778900
3.165915E-07	779200
3.157086E-07	779500
3.155245E-07	779801
3.162263E-07	780101
3.163072E-07	780401
3.160148E-07	780701
3.157535E-07	781001
3.159341E-07	781301
3.163301E-07	781601
3.162771E-07	781901
3.159973E-07	782201
3.168528E-07	782501
3.166928E-07	782801
3.165361E-07	783101
3.160580E-07	783401
3.162158E-07	783701
3.163025E-07	784001
3.162830E-07	784301
3.181107E-07	784601
3.212645E-07	784901
3.211964E-07	785201
3.210591E-07	785501
3.211860E-07	785801
3.210280E-07	786101
3.215654E-07	786401
3.213230E-07	786701
3.206801E-07	787001
3.203670E-07	787302
3.210834E-07	787602
3.210683E-07	787902
3.209059E-07	788202
3.210523E-07	788502
3.213813E-07	788802
3.212592E-07	789102
3.211448E-07	789402
3.211022E-07	789702
3.216695E-07	790002
3.209941E-07	790302
3.218603E-07	790602
3.217505E-07	790902
3.209465E-07	791202
3.210557E-07	791502
3.206605E-07	791802
3.212428E-07	792102
3.217608E-07	792402
3.209021E-07	792702
3.213381E-07	793002
3.212306E-07	793302
3.212477E-07	793602
3.215235E-07	793902
3.213233E-07	794202
3.201706E-07	794504
3.252328E-07	794804
3.251444E-07	795104
3.251912E-07	795404
3.249759E-07	795704
3.251479E-07	796004
3.254854E-07	796304
3.253888E-07	796604
3.256335E-07	796904
3.262424E-07	797204
3.260925E-07	797504
3.257596E-07	797804
3.267633E-07	798104
3.265757E-07	798404
3.260889E-07	798704
3.260338E-07	799004
3.257744E-07	799304
3.293427E-07	799609
3.260638E-07	799909
3.257017E-07	800209
3.262795E-07	800509
3.265270E-07	800809
3.261567E-07	801109
3.256911E-07	801409
3.271035E-07	801711
3.256931E-07	802011
3.259114E-07	802311
3.256237E-07	802611
3.259689E-07	802911
3.259724E-07	803211
3.256622E-07	803511
3.257904E-07	803811
3.256407E-07	804111
3.251085E-07	804411
3.285853E-07	804711
3.292723E-07	805011
3.297175E-07	805311
3.292893E-07	805611
3.299056E-07	805911
3.294899E-07	806211
3.298019E-07	806511
3.301235E-07	806811
3.303460E-07	807111
3.297320E-07	807411
3.293706E-07	807711
3.296863E-07	808011
3.299075E-07	808311
3.294836E-07	808611
3.295686E-07	808911
3.317033E-07	809212
3.293330E-07	809512
3.293724E-07	809812
3.292773E-07	810112
3.292824E-07	810412
3.286657E-07	810712
3.293222E-07	811012
3.290102E-07	811312
3.289397E-07	811612
3.294996E-07	811912
3.295671E-07	812212
3.296990E-07	812512
3.299970E-07	812812
3.297761E-07	813112
3.299172E-07	813412
3.295302E-07	813712
3.302995E-07	814012
3.302291E-07	814312
3.321288E-07	814612
3.344515E-07	814912
3.348808E-07	815212
3.351564E-07	815512
3.350057E-07	815812
3.348710E-07	816112
3.345006E-07	816413
3.345957E-07	816713
3.340305E-07	817013
3.353665E-07	817313
3.350387E-07	817613
3.351879E-07	817913
3.349699E-07	818213
3.349813E-07	818513
3.348131E-07	818813
3.350714E-07	819113
3.348368E-07	819413
3.347744E-07	819713
3.347611E-07	820013
3.347299E-07	820313
3.348737E-07	820613
3.347037E-07	820913
3.346648E-07	821213
3.347675E-07	821513
3.346649E-07	821813
3.346498E-07	822113
3.345403E-07	822413
3.345857E-07	822713
3.346615E-07	823013
3.352311E-07	823313
3.351876E-07	823613
3.359112E-07	823916
3.352128E-07	824216
3.348753E-07	824516
3.384705E-07	824816
3.379962E-07	825116
3.386228E-07	825416
3.382923E-07	825716
3.387577E-07	826016
3.387341E-07	826316
3.384685E-07	826616
3.387543E-07	826916
3.386459E-07	827216
3.383590E-07	827516
3.401512E-07	827816
3.383160E-07	828116
3.380574E-07	828416
3.385659E-07	828716
3.345945E-07	829023
3.383170E-07	829323
3.382244E-07	829623
3.379979E-07	829923
3.381634E-07	830223
3.380667E-07	830523
3.383143E-07	830823
3.372861E-07	831124
3.378855E-07	831424
3.380613E-07	831724
3.382715E-07	832024
3.385622E-07	832324
3.386197E-07	832624
3.383842E-07	832924
3.386311E-07	833224
3.376731E-07	833524
3.390545E-07	833824
3.395681E-07	834124
3.383254E-07	834424
3.445362E-07	834724
3.445449E-07	835024
3.447196E-07	835324
3.447238E-07	835624
3.448701E-07	835924
3.441831E-07	836224
3.448457E-07	836524
3.444148E-07	836824
3.440717E-07	837124
3.450147E-07	837424
3.442564E-07	837724
3.442983E-07	838024
3.445671E-07	838325
3.445396E-07	838625
3.444871E-07	838925
3.443923E-07	839225
3.444618E-07	839525
3.448565E-07	839825
3.450154E-07	840125
3.456299E-07	840425
3.448684E-07	840725
3.448015E-07	841025
3.448121E-07	841325
3.448900E-07	841625
3.446830E-07	841925
3.446426E-07	842225
3.445379E-07	842525
3.444300E-07	842825
3.443643E-07	843125
3.444904E-07	843425
3.448423E-07	843725
3.451482E-07	844025
3.444946E-07	844325
3.460125E-07	844625
3.482045E-07	844925
3.485794E-07	845225
3.486195E-07	845525
3.486489E-07	845827
3.486751E-07	846127
3.484230E-07	846427
3.485451E-07	846727
3.487746E-07	847027
3.490432E-07	847327
3.487281E-07	847627
3.485295E-07	847927
3.484990E-07	848227
3.483433E-07	848527
3.492428E-07	848827
3.485071E-07	849127
3.482621E-07	849427
3.479115E-07	849727
3.478397E-07	850027
3.481173E-07	850327
3.483482E-07	850627
3.490988E-07	850927
3.487714E-07	851227
3.488117E-07	851527
3.481680E-07	851827
3.491127E-07	852127
3.487318E-07	852427
3.483577E-07	852727
3.483175E-07	853028
3.492258E-07	853328
3.493133E-07	853628
3.501138E-07	853928
3.502461E-07	854228
3.493792E-07	854528
3.524121E-07	854828
3.526380E-07	855128
3.527223E-07	855428
3.525860E-07	855728
3.523591E-07	856028
3.526871E-07	856328
3.526100E-07	856628
3.528942E-07	856928
3.528188E-07	857228
3.530450E-07	857528
3.524608E-07	857828
3.526652E-07	858128
3.549470E-07	858434
3.520766E-07	858734
3.524621E-07	859034
3.526434E-07	859334
3.528253E-07	859634
3.529813E-07	859934
3.526081E-07	860235
3.530330E-07	860535
3.528538E-07	860835
3.524083E-07	861135
3.528145E-07	861435
3.530145E-07	861735
3.530594E-07	862035
3.525056E-07	862335
3.523506E-07	862635
3.525941E-07	862935
3.529637E-07	863235
3.526775E-07	863535
3.535191E-07	863835
3.532138E-07	864135
3.519079E-07	864435
3.559150E-07	864735
3.565854E-07	865035
3.559934E-07	865335
3.563260E-07	865635
3.560409E-07	865935
3.566513E-07	866235
3.559588E-07	866535
3.565521E-07	866835
3.567607E-07	867135
3.564759E-07	867435
3.568531E-07	867736
3.568421E-07	868036
3.566073E-07	868336
3.573057E-07	868636
3.563673E-07	868936
3.569955E-07	869236
3.566948E-07	869536
3.569979E-07	869836
3.568424E-07	870136
3.565218E-07	870436
3.565571E-07	870736
3.566526E-07	871036
3.565839E-07	871336
3.570086E-07	871636
3.574434E-07	871936
3.569360E-07	872236
3.572942E-07	872536
3.573834E-07	872836
3.569183E-07	873136
3.570011E-07	873436
3.565381E-07	873736
3.569334E-07	874036
3.566839E-07	874336
3.586075E-07	874636
3.620398E-07	874938
3.610967E-07	875238
3.614614E-07	875538
3.610464E-07	875838
3.612871E-07	876138
3.610494E-07	876438
3.611918E-07	876738
3.612274E-07	877038
3.606391E-07	877338
3.606633E-07	877638
3.610310E-07	877938
3.605037E-07	878238
3.605180E-07	878538
3.608949E-07	878838
3.607789E-07	879138
3.607738E-07	879438
3.608882E-07	879738
3.608743E-07	880038
3.609458E-07	880338
3.605270E-07	880638
3.607256E-07	880938
3.612631E-07	881238
3.609368E-07	881538
3.611880E-07	881838
3.610849E-07	882138
3.586587E-07	882440
3.608203E-07	882740
3.611260E-07	883040
3.606984E-07	883340
3.605597E-07	883640
3.611252E-07	883940
3.613706E-07	884240
3.618036E-07	884540
3.660350E-07	884840
3.658123E-07	885140
3.661043E-07	885440
3.656531E-07	885740
3.661822E-07	886040
3.653443E-07	886340
3.661105E-07	886640
3.657475E-07	886940
3.659598E-07	887240
3.660039E-07	887540
3.711746E-07	887847
3.657618E-07	888147
3.659107E-07	888447
3.653353E-07	888747
3.654098E-07	889047
3.653835E-07	889347
3.654394E-07	889648
3.657083E-07	889948
3.653555E-07	890248
3.654480E-07	890548
3.653250E-07	890848
3.652590E-07	891148
3.652938E-07	891448
3.652461E-07	891748
3.652375E-07	892048
3.653514E-07	892348
3.657464E-07	892648
3.661252E-07	892948
3.657991E-07	893248
3.658977E-07	893548
3.660097E-07	893848
3.659908E-07	894148
3.651963E-07	894448
3.705556E-07	894748
3.705308E-07	895048
3.707909E-07	895348
3.707987E-07	895648
3.710147E-07	895948
3.715224E-07	896248
3.720474E-07	896548
3.703406E-07	896850
3.711577E-07	897150
3.714215E-07	897450
3.712426E-07	897750
3.713268E-07	898050
3.714587E-07	898350
3.713985E-07	898650
3.710251E-07	898950
3.716486E-07	899250
3.711576E-07	899550
3.715186E-07	899850
3.711224E-07	900150
3.712030E-07	900450
3.712590E-07	900750
3.715485E-07	901050
3.715177E-07	901350
3.717008E-07	901650
3.714939E-07	901950
3.717929E-07	902250
3.710959E-07	902550
3.715888E-07	902850
3.717217E-07	903150
3.714307E-07	903450
3.717947E-07	903750
3.728001E-07	904050
3.731070E-07	904351
3.733375E-07	904651
3.753770E-07	904951
3.752702E-07	905251
3.749192E-07	905551
3.753542E-07	905851
3.752028E-07	906151
3.752729E-07	906451
3.751369E-07	906751
3.752852E-07	907051
3.750785E-07	907351
3.752287E-07	907651
3.752430E-07	907951
3.755909E-07	908251
3.750817E-07	908551
3.753868E-07	908851
3.756348E-07	909151
3.754025E-07	909451
3.754597E-07	909751
3.756119E-07	910051
3.756214E-07	910351
3.756028E-07	910651
3.753200E-07	910951
3.754552E-07	911251
3.741142E-07	911552
3.749047E-07	911852
3.746920E-07	912152
3.752963E-07	912452
3.755586E-07	912752
3.754722E-07	913052
3.753661E-07	913352
3.753852E-07	913652
3.754075E-07	913952
3.762126E-07	914252
3.753183E-07	914552
3.791443E-07	914852
3.792954E-07	915152
3.794012E-07	915452
3.792042E-07	915752
3.794742E-07	916052
3.794869E-07	916352
3.792037E-07	916652
3.796437E-07	916952
3.824576E-07	917258
3.794817E-07	917558
3.794779E-07	917858
3.795504E-07	918158
3.794253E-07	918458
3.791158E-07	918758
3.798056E-07	919059
3.791105E-07	919359
3.793723E-07	919659
3.795745E-07	919959
3.789687E-07	920259
3.791461E-07	920559
3.792514E-07	920859
3.790042E-07	921159
3.792412E-07	921459
3.783759E-07	921759
3.791912E-07	922059
3.789358E-07	922359
3.791943E-07	922659
3.794842E-07	922959
3.797585E-07	923259
3.797406E-07	923559
3.793686E-07	923859
3.797251E-07	924159
3.783621E-07	924459
3.835358E-07	924759
3.840427E-07	925059
3.833246E-07	925359
3.836266E-07	925659
3.832717E-07	925959
3.863546E-07	926260
3.840089E-07	926560
3.840212E-07	926860
3.838780E-07	927160
3.840136E-07	927460
3.838411E-07	927760
3.838334E-07	928060
3.837013E-07	928360
3.839889E-07	928660
3.838239E-07	928960
3.838338E-07	929260
3.841363E-07	929560
3.838411E-07	929860
3.842838E-07	930160
3.840885E-07	930460
3.838730E-07	930760
3.840200E-07	931060
3.838782E-07	931360
3.840076E-07	931660
3.840171E-07	931960
3.843757E-07	932260
3.843354E-07	932560
3.842372E-07	932860
3.840674E-07	933160
3.836196E-07	933462
3.846228E-07	933762
3.847980E-07	934062
3.842992E-07	934362
3.857390E-07	934662
3.879161E-07	934962
3.878959E-07	935262
3.883492E-07	935562
3.879629E-07	935862
3.877990E-07	936162
3.878847E-07	936462
3.880004E-07	936762
3.880119E-07	937062
3.881754E-07	937362
3.879748E-07	937662
3.878404E-07	937962
3.878393E-07	938262
3.882201E-07	938562
3.885400E-07	938862
3.882487E-07	939162
3.876995E-07	939462
3.878493E-07	939762
3.880794E-07	940062
3.877468E-07	940362
3.878085E-07	940662
3.887441E-07	940964
3.878279E-07	941264
3.881048E-07	941564
3.877493E-07	941864
3.878837E-07	942164
3.877987E-07	942464
3.880018E-07	942764
3.878208E-07	943064
3.878228E-07	943364
3.883194E-07	943664
3.876425E-07	943964
3.884654E-07	944264
3.886848E-07	944564
3.936685E-07	944864
3.933512E-07	945164
3.934270E-07	945464
3.928452E-07	945764
3.925470E-07	946064
3.928909E-07	946364
3.866795E-07	946671
3.924083E-07	946971
3.927767E-07	947271
3.930083E-07	947571
3.928396E-07	947871
3.919280E-07	948173
3.931065E-07	948473
3.930582E-07	948773
3.931099E-07	949073
3.929673E-07	949373
3.929768E-07	949673
3.928373E-07	949973
3.931922E-07	950273
3.931931E-07	950573
3.931141E-07	950873
3.928193E-07	951173
3.930861E-07	951473
3.929106E-07	951773
3.931837E-07	952073
3.931521E-07	952373
3.931466E-07	952673
3.931630E-07	952973
3.928778E-07	953273
3.931376E-07	953573
3.933329E-07	953873
3.934842E-07	954173
3.926851E-07	954473
3.982668E-07	954773
3.986974E-07	955073
3.981475E-07	955374
3.985351E-07	955674
3.986192E-07	955974
3.986879E-07	956274
3.989400E-07	956574
3.986763E-07	956874
3.983571E-07	957174
3.985303E-07	957474
3.981186E-07	957774
3.986033E-07	958074
3.982356E-07	958374
3.987529E-07	958674
3.983183E-07	958974
3.986623E-07	959274
3.984035E-07	959574
3.990758E-07	959874
3.984975E-07	960174
3.992661E-07	960474
3.984211E-07	960774
3.987317E-07	961074
3.985487E-07	961374
3.988387E-07	961674
3.982989E-07	961974
3.991128E-07	962274
3.983392E-07	962574
3.983286E-07	962875
3.985279E-07	963175
3.991921E-07	963475
3.984136E-07	963775
3.992409E-07	964075
3.984630E-07	964375
4.000485E-07	964675
4.012682E-07	964975
4.015791E-07	965275
4.021057E-07	965575
4.013996E-07	965875
4.014257E-07	966175
4.013002E-07	966475
4.012962E-07	966775
4.014202E-07	967075
4.013835E-07	967375
4.019923E-07	967675
4.013639E-07	967975
4.022145E-07	968275
4.016327E-07	968575
4.021443E-07	968875
4.015359E-07	969175
4.014413E-07	969475
4.021111E-07	969775
4.006585E-07	970077
4.020121E-07	970377
4.021645E-07	970677
4.022757E-07	970977
4.023522E-07	971277
4.022947E-07	971577
4.019923E-07	971877
4.023030E-07	972177
4.023166E-07	972477
4.027188E-07	972777
4.028762E-07	973077
4.020752E-07	973377
4.023850E-07	973677
4.023231E-07	973977
4.028626E-07	974277
4.031071E-07	974577
4.067647E-07	974877
4.068449E-07	975177
4.066707E-07	975477
4.066886E-07	975777
4.087280E-07	976082
4.064407E-07	976382
4.066008E-07	976682
4.064923E-07	976982
4.071053E-07	977282
4.063376E-07	977583
4.068757E-07	977883
4.066891E-07	978183
4.065303E-07	978483
4.064248E-07	978783
4.062850E-07	979083
4.055483E-07	979383
4.060021E-07	979683
4.060416E-07	979983
4.062468E-07	980283
4.063876E-07	980583
4.061736E-07	980883
4.065131E-07	981183
4.062248E-07	981483
4.063193E-07	981783
4.068348E-07	982083
4.066895E-07	982383
4.070942E-07	982683
4.069165E-07	982983
4.072345E-07	983283
4.073923E-07	983583
4.073729E-07	983883
4.073846E-07	984183
4.064736E-07	984483
4.103008E-07	984785
4.116278E-07	985085
4.125306E-07	985385
4.128926E-07	985685
4.117800E-07	985985
4.116526E-07	986285
4.118689E-07	986585
4.118985E-07	986885
4.115945E-07	987185
4.115805E-07	987485
4.115452E-07	987785
4.112090E-07	988085
4.113423E-07	988385
4.111388E-07	988685
4.108678E-07	988985
4.107670E-07	989285
4.108162E-07	989585
4.116263E-07	989885
4.108684E-07	990185
4.110096E-07	990485
4.110194E-07	990785
4.112539E-07	991085
4.113858E-07	991385
4.109341E-07	991685
4.091905E-07	991986
4.108290E-07	992286
4.110047E-07	992586
4.114874E-07	992886
4.111758E-07	993186
4.123269E-07	993486
4.122721E-07	993786
4.125729E-07	994086
4.126702E-07	994386
4.151986E-07	994686
4.172323E-07	994986
4.170809E-07	995286
4.172921E-07	995586
4.173853E-07	995886
4.169325E-07	996186
4.170794E-07	996486
4.168749E-07	996786
4.171579E-07	997086
4.176909E-07	997386
4.181954E-07	997686
4.174051E-07	997986
4.172929E-07	998286
4.173042E-07	998586
4.169963E-07	998886
4.165840E-07	999186
4.165479E-07	999490
4.163591E-07	999789
4.165230E-07	1000090
4.162301E-07	1000389
4.166677E-07	1000690
4.163408E-07	1000989
4.168660E-07	1001290
4.165365E-07	1001589
4.168811E-07	1001890
4.157556E-07	1002189
4.158133E-07	1002490
4.161122E-07	1002789
4.165544E-07	1003090
4.165127E-07	1003389
4.167491E-07	1003690
4.171819E-07	1003989
4.173953E-07	1004290
4.169708E-07	1004589
4.208476E-07	1004890
4.275846E-07	1005195
4.211120E-07	1005495
4.202538E-07	1005795
4.204103E-07	1006095
4.209478E-07	1006396
4.199743E-07	1006696
4.196829E-07	1006996
4.194930E-07	1007296
4.202206E-07	1007596
4.201956E-07	1007896
4.203781E-07	1008196
4.207309E-07	1008496
4.202908E-07	1008796
4.202247E-07	1009096
4.201541E-07	1009396
4.202761E-07	1009696
4.188520E-07	1009996
4.194487E-07	1010296
4.198864E-07	1010596
4.203871E-07	1010896
4.197562E-07	1011196
4.202157E-07	1011496
4.201972E-07	1011796
4.204384E-07	1012096
4.203233E-07	1012396
4.207373E-07	1012696
4.207301E-07	1012996
4.214660E-07	1013298
4.205965E-07	1013598
4.201606E-07	1013898
4.208314E-07	1014198
4.202681E-07	1014498
4.256935E-07	1014798
4.260714E-07	1015098
4.258508E-07	1015398
4.257481E-07	1015698
4.257010E-07	1015998
4.265109E-07	1016298
4.270935E-07	1016598
4.267521E-07	1016898
4.262288E-07	1017198
4.259308E-07	1017498
4.259288E-07	1017798
4.261553E-07	1018098
4.256497E-07	1018398
4.259257E-07	1018698
4.262004E-07	1018998
4.260139E-07	1019298
4.256539E-07	1019598
4.259147E-07	1019898
4.257496E-07	1020198
4.256308E-07	1020499
4.259353E-07	1020799
4.256757E-07	1021099
4.260094E-07	1021399
4.260582E-07	1021699
4.260019E-07	1021999
4.261272E-07	1022299
4.258802E-07	1022599
4.261503E-07	1022899
4.259733E-07	1023199
4.259390E-07	1023499
4.258851E-07	1023799
4.250589E-07	1024099
3.925341E-07	1024399
2.112550E-07	1024699
2.126485E-07	1024999
2.129215E-07	1025299
2.119276E-07	1025599
2.121938E-07	1025899
2.122910E-07	1026199
2.126840E-07	1026499
2.118772E-07	1026799
2.119709E-07	1027099
2.124417E-07	1027400
2.121021E-07	1027700
2.119537E-07	1028000
2.115828E-07	1028300
2.115715E-07	1028600
2.113805E-07	1028900
2.111416E-07	1029200
2.111255E-07	1029500
2.114447E-07	1029800
2.123645E-07	1030100
2.122708E-07	1030400
2.120648E-07	1030700
