S121C	2025-05-22 16:53:05
value unit [W]	time unit [ms]
wavelength	525.000nm
range	AUTO
2.581297E-06	42
2.574964E-06	338
2.573969E-06	638
2.575413E-06	938
2.575415E-06	1238
2.574678E-06	1538
2.575168E-06	1838
2.575831E-06	2138
2.574340E-06	2438
2.575323E-06	2738
2.574917E-06	3038
2.575061E-06	3338
2.574867E-06	3638
2.574870E-06	3938
2.576005E-06	4238
2.576287E-06	4538
2.576695E-06	4838
2.577411E-06	5138
2.578131E-06	5438
2.578136E-06	5738
2.578056E-06	6038
2.578507E-06	6338
2.577119E-06	6638
2.577909E-06	6940
2.577599E-06	7240
2.578257E-06	7540
2.578046E-06	7840
2.576741E-06	8140
2.579798E-06	8440
2.579488E-06	8740
2.577100E-06	9040
2.580422E-06	9340
2.577742E-06	9640
2.577560E-06	9940
2.577949E-06	10240
2.577218E-06	10540
2.577865E-06	10840
2.577757E-06	11140
2.577444E-06	11440
2.582452E-06	11740
2.579010E-06	12040
2.578462E-06	12340
2.579516E-06	12640
2.580008E-06	12940
2.580917E-06	13240
2.581922E-06	13540
2.578876E-06	13840
2.577714E-06	14140
2.578242E-06	14440
2.578488E-06	14741
2.577859E-06	15041
2.579113E-06	15341
2.579086E-06	15641
2.578608E-06	15941
2.578702E-06	16241
2.577473E-06	16541
2.577934E-06	16841
2.578091E-06	17141
2.577995E-06	17441
2.579093E-06	17741
2.579435E-06	18041
2.579470E-06	18341
2.579183E-06	18641
2.580043E-06	18941
2.579245E-06	19241
2.578739E-06	19541
2.579476E-06	19841
2.579002E-06	20141
2.580703E-06	20441
2.579464E-06	20741
2.579803E-06	21041
2.578894E-06	21341
2.580226E-06	21641
2.579393E-06	21941
2.579365E-06	22241
2.579740E-06	22542
2.579182E-06	22842
2.578825E-06	23142
2.579173E-06	23442
2.578668E-06	23742
2.578825E-06	24042
2.578913E-06	24342
2.579231E-06	24642
2.578665E-06	24942
2.577235E-06	25242
2.577442E-06	25542
2.578726E-06	25842
2.578368E-06	26142
2.578832E-06	26442
2.578153E-06	26742
2.578757E-06	27042
2.578553E-06	27342
2.579685E-06	27642
2.580406E-06	27942
2.580073E-06	28242
2.580472E-06	28542
2.581044E-06	28842
2.580478E-06	29142
2.580666E-06	29442
1.126513E-06	29742
2.843988E-09	30044
3.539175E-09	30344
2.726767E-09	30644
2.068512E-09	30944
1.997081E-09	31244
6.218990E-09	31550
3.321114E-09	31852
1.409579E-09	32152
6.098244E-10	32452
1.319351E-09	32752
1.885669E-09	33052
6.795487E-10	33352
2.337206E-09	33818
-9.716539E-10	34118
-6.040047E-10	34418
1.041997E-09	34719
2.114583E-09	35019
3.261417E-09	35319
-1.656375E-09	35618
1.048726E-09	35919
1.703099E-09	36219
1.585050E-09	36518
-1.284193E-10	36818
1.183670E-09	37119
1.052113E-09	37418
5.770848E-09	37719
1.582877E-10	38020
3.942739E-09	38320
-1.420268E-09	38620
-1.548412E-09	38920
2.347288E-09	39220
-4.546978E-09	39520
1.595121E-09	39820
1.520948E-09	40120
1.267979E-09	40420
9.993792E-09	40720
-4.169233E-09	41020
-2.735702E-09	41320
1.278091E-09	41620
-2.431114E-10	41920
4.499243E-09	42220
4.590324E-09	42520
-9.008213E-10	42820
-2.970574E-10	43120
3.730229E-09	43420
1.989751E-09	43720
9.171955E-10	44020
9.880184E-10	44320
4.317140E-09	44620
-4.825781E-10	44920
9.273244E-10	45220
-4.597572E-09	45521
-1.642868E-09	45821
2.074095E-09	46121
2.158417E-09	46421
2.846516E-09	46721
4.124853E-09	47021
1.220728E-09	47321
1.541196E-09	47621
4.566712E-09	47921
2.155043E-09	48221
-4.182704E-09	48521
3.598643E-09	48821
-3.524961E-09	49121
-1.821629E-09	49421
2.765586E-09	49721
9.217951E-09	50021
1.242227E-08	50321
1.691164E-08	50621
6.971617E-09	50921
1.325200E-08	51221
5.814690E-09	51521
1.049631E-08	51821
1.011516E-08	52121
5.089488E-09	52421
1.299229E-08	52721
1.490814E-08	53023
3.433420E-09	53323
1.344091E-08	53623
8.101544E-09	53923
1.001060E-08	54223
9.211265E-09	54523
9.771147E-09	54823
8.728890E-09	55123
7.912636E-09	55423
1.204116E-08	55723
8.462458E-09	56023
7.963251E-09	56323
9.416981E-09	56623
8.755890E-09	56923
8.907724E-09	57223
9.531677E-09	57523
9.312412E-09	57823
8.961686E-09	58123
8.631077E-09	58422
8.938015E-09	58723
9.929698E-09	59023
4.799419E-09	59323
1.598410E-08	59623
3.879526E-08	59923
3.932482E-08	60223
3.911231E-08	60523
3.405966E-08	60825
3.963849E-08	61125
3.473087E-08	61425
3.601937E-08	61725
3.781373E-08	62025
4.081565E-08	62332
3.724709E-08	62632
3.828935E-08	62932
3.902461E-08	63232
3.920341E-08	63532
3.719312E-08	63832
3.926748E-08	64132
3.479160E-08	64432
3.953727E-08	64732
3.862661E-08	65032
3.821512E-08	65332
3.861311E-08	65632
4.043788E-08	65932
4.037380E-08	66232
3.648817E-08	66532
3.606996E-08	66832
3.795542E-08	67132
3.927423E-08	67432
3.606990E-08	67732
3.085535E-08	68032
3.412376E-08	68333
3.985097E-08	68633
3.785424E-08	68933
3.620147E-08	69233
3.963854E-08	69533
7.239979E-08	69833
7.727029E-08	70133
7.847109E-08	70433
7.754019E-08	70733
7.972574E-08	71033
8.110201E-08	71333
7.604935E-08	71633
7.750306E-08	71933
8.025874E-08	72233
7.522633E-08	72533
7.697359E-08	72833
7.719949E-08	73133
7.585371E-08	73433
8.016772E-08	73733
7.691620E-08	74033
8.100418E-08	74333
7.836987E-08	74633
7.920978E-08	74933
7.612694E-08	75233
7.650813E-08	75533
7.629898E-08	75833
7.737485E-08	76134
7.854189E-08	76434
7.746260E-08	76734
7.864305E-08	77034
7.634952E-08	77334
7.440335E-08	77634
7.874103E-08	77934
7.871730E-08	78234
7.853184E-08	78534
7.816417E-08	78834
7.822828E-08	79134
8.153373E-08	79434
9.603735E-08	79734
1.232670E-07	80034
1.258304E-07	80334
1.259350E-07	80634
1.221371E-07	80934
1.255910E-07	81234
1.267076E-07	81534
1.233615E-07	81834
1.210982E-07	82134
1.240799E-07	82434
1.201673E-07	82734
1.256754E-07	83034
1.248961E-07	83334
1.231422E-07	83634
1.251493E-07	83936
1.258945E-07	84236
1.264680E-07	84536
1.272539E-07	84836
1.227813E-07	85136
1.244038E-07	85436
1.241238E-07	85736
1.188587E-07	86036
1.235740E-07	86336
1.246635E-07	86636
1.231152E-07	86936
1.263264E-07	87236
1.225622E-07	87536
1.248118E-07	87836
1.241137E-07	88136
1.242959E-07	88436
1.196445E-07	88736
1.209802E-07	89036
1.240631E-07	89336
1.299557E-07	89636
1.755745E-07	89936
1.747887E-07	90236
1.712066E-07	90536
1.786777E-07	90836
1.754903E-07	91136
1.752812E-07	91437
1.751868E-07	91737
1.730584E-07	92037
1.776725E-07	92337
1.749673E-07	92637
1.691930E-07	92937
1.695032E-07	93243
1.763604E-07	93543
1.784754E-07	93843
1.742759E-07	94143
1.745222E-07	94443
1.757770E-07	94743
1.716653E-07	95043
1.767752E-07	95343
1.738206E-07	95643
1.729167E-07	95943
1.779390E-07	96243
1.706230E-07	96543
1.769002E-07	96843
1.745391E-07	97143
1.723669E-07	97443
1.770923E-07	97743
1.741681E-07	98043
1.746572E-07	98343
1.712301E-07	98643
1.750686E-07	98943
1.798986E-07	99244
1.753283E-07	99544
2.157158E-07	99844
2.267082E-07	100144
2.230284E-07	100444
2.245597E-07	100744
2.243034E-07	101044
2.267115E-07	101344
2.238143E-07	101644
2.208427E-07	101944
2.240974E-07	102244
2.233588E-07	102544
2.229813E-07	102844
2.285937E-07	103144
2.210652E-07	103444
2.220132E-07	103744
2.224618E-07	104044
2.220671E-07	104344
2.225662E-07	104644
2.191090E-07	104944
2.185761E-07	105244
2.238480E-07	105544
2.216690E-07	105844
2.207953E-07	106144
2.197331E-07	106446
2.221816E-07	106746
2.227417E-07	107046
2.195442E-07	107346
2.208461E-07	107646
2.226573E-07	107946
2.213758E-07	108246
2.202591E-07	108546
2.213857E-07	108846
2.198141E-07	109146
2.187515E-07	109446
2.521639E-07	109746
2.746409E-07	110046
2.764660E-07	110346
2.728699E-07	110646
2.769009E-07	110946
2.750118E-07	111246
2.773562E-07	111546
2.758012E-07	111846
2.770089E-07	112146
2.720776E-07	112446
2.766140E-07	112746
2.797208E-07	113046
2.779973E-07	113346
2.748907E-07	113646
2.751502E-07	113947
2.736024E-07	114247
2.775284E-07	114547
2.779058E-07	114847
2.721552E-07	115147
2.763208E-07	115447
2.784255E-07	115747
2.753558E-07	116047
2.779466E-07	116347
2.756260E-07	116647
2.707082E-07	116947
2.740169E-07	117247
2.763645E-07	117547
2.772786E-07	117847
2.756597E-07	118147
2.746916E-07	118447
2.746342E-07	118747
2.737268E-07	119047
2.718583E-07	119347
2.819232E-07	119647
3.258286E-07	119947
3.233932E-07	120247
3.243210E-07	120547
3.256434E-07	120847
3.221322E-07	121150
3.245807E-07	121450
3.247224E-07	121750
3.230597E-07	122050
3.248876E-07	122350
3.184051E-07	122650
3.298457E-07	122957
3.249345E-07	123257
3.217070E-07	123557
3.288947E-07	123857
3.249316E-07	124157
3.234270E-07	124457
3.205873E-07	124757
3.245670E-07	125057
3.207929E-07	125357
3.246077E-07	125657
3.255756E-07	125957
3.231173E-07	126257
3.188062E-07	126557
3.236501E-07	126857
3.222468E-07	127157
3.230765E-07	127457
3.192312E-07	127757
3.252657E-07	128057
3.207797E-07	128359
3.192279E-07	128659
3.203746E-07	128959
3.239099E-07	129259
3.254207E-07	129559
3.657675E-07	129859
3.706585E-07	130159
3.706787E-07	130459
3.726516E-07	130759
3.718762E-07	131059
3.715218E-07	131359
3.676971E-07	131659
3.741024E-07	131959
3.733938E-07	132259
3.732995E-07	132559
3.716367E-07	132859
3.747564E-07	133159
3.723683E-07	133459
3.717072E-07	133759
3.694445E-07	134059
3.696229E-07	134359
3.709957E-07	134659
3.720650E-07	134959
3.709990E-07	135259
3.704829E-07	135559
3.688879E-07	135860
3.729722E-07	136160
3.750162E-07	136460
3.717647E-07	136760
3.706719E-07	137060
3.745303E-07	137360
3.689888E-07	137660
3.687996E-07	137960
3.717040E-07	138260
3.717851E-07	138560
3.702436E-07	138860
3.752825E-07	139160
3.709553E-07	139460
4.033420E-07	139760
4.245169E-07	140060
4.241160E-07	140360
4.233536E-07	140660
4.268279E-07	140960
4.196705E-07	141260
4.259913E-07	141560
4.243756E-07	141860
4.284537E-07	142160
4.225543E-07	142460
4.252594E-07	142760
4.255996E-07	143061
4.228276E-07	143361
4.235056E-07	143661
4.291349E-07	143961
4.224298E-07	144261
4.240321E-07	144561
4.199911E-07	144861
4.220654E-07	145161
4.183618E-07	145461
4.243117E-07	145761
4.202948E-07	146061
4.238458E-07	146361
4.241598E-07	146661
4.224262E-07	146961
4.243519E-07	147261
4.261636E-07	147561
4.248647E-07	147861
4.267133E-07	148161
4.238831E-07	148461
4.269191E-07	148761
4.269796E-07	149061
4.254820E-07	149361
4.322447E-07	149661
4.742787E-07	149961
4.730034E-07	150261
4.735395E-07	150563
4.683119E-07	150863
4.732731E-07	151163
4.706191E-07	151463
4.728954E-07	151763
4.722544E-07	152063
4.746057E-07	152368
4.744101E-07	152668
4.678055E-07	152968
4.683587E-07	153268
4.751655E-07	153568
4.682475E-07	153868
4.745485E-07	154168
4.682610E-07	154468
4.716104E-07	154768
4.718704E-07	155068
4.714217E-07	155368
4.725952E-07	155668
4.728011E-07	155968
4.722005E-07	156268
4.689292E-07	156568
4.710945E-07	156868
4.733506E-07	157168
4.702985E-07	157468
4.677886E-07	157769
4.683084E-07	158069
4.719240E-07	158369
4.723119E-07	158669
4.706626E-07	158969
4.726255E-07	159269
4.707200E-07	159569
5.240422E-07	159869
5.228215E-07	160169
5.271224E-07	160469
5.271660E-07	160769
5.236245E-07	161069
5.273717E-07	161369
5.258571E-07	161669
5.266803E-07	161969
5.259145E-07	162269
5.212834E-07	162569
5.271053E-07	162869
5.256920E-07	163169
5.265421E-07	163469
5.263059E-07	163769
5.267716E-07	164069
5.274055E-07	164369
5.253887E-07	164669
5.186392E-07	164971
5.270248E-07	165271
5.289369E-07	165571
5.179884E-07	165871
5.275743E-07	166171
5.237999E-07	166471
5.300162E-07	166771
5.263095E-07	167071
5.243360E-07	167371
5.234828E-07	167671
5.200288E-07	167971
5.276009E-07	168271
5.249804E-07	168571
5.290011E-07	168871
5.289502E-07	169171
5.242989E-07	169471
5.534310E-07	169771
5.772473E-07	170071
5.762358E-07	170371
5.721944E-07	170671
5.741139E-07	170971
5.748353E-07	171271
5.747008E-07	171571
5.733311E-07	171871
5.722860E-07	172171
5.743667E-07	172472
5.741680E-07	172773
5.733650E-07	173072
5.703735E-07	173373
5.711289E-07	173672
5.717897E-07	173973
5.700998E-07	174272
5.757805E-07	174573
5.733414E-07	174872
5.770783E-07	175173
5.729569E-07	175472
5.720191E-07	175773
5.717459E-07	176072
5.708217E-07	176373
5.708018E-07	176672
5.712132E-07	176973
5.723278E-07	177537
5.724277E-07	177837
5.725510E-07	178137
5.726571E-07	178437
5.723211E-07	178737
5.724032E-07	179037
5.725329E-07	179337
5.782483E-07	179637
6.143269E-07	179939
6.211836E-07	180239
6.205107E-07	180539
6.203795E-07	180839
6.202375E-07	181139
6.203618E-07	181439
6.208290E-07	181739
6.285002E-07	182046
6.216450E-07	182346
6.213793E-07	182646
6.213943E-07	182946
6.211571E-07	183246
6.215748E-07	183546
6.210553E-07	183846
6.213733E-07	184146
6.209872E-07	184446
6.206479E-07	184746
6.204961E-07	185046
6.202169E-07	185346
6.204829E-07	185646
6.201707E-07	185946
6.202646E-07	186246
6.200947E-07	186546
6.205128E-07	186846
6.209764E-07	187146
6.211210E-07	187447
6.207461E-07	187747
6.215338E-07	188047
6.208341E-07	188347
6.207305E-07	188647
6.205493E-07	188947
6.207600E-07	189247
6.199733E-07	189547
6.621776E-07	189847
6.733247E-07	190147
6.733758E-07	190447
6.728168E-07	190747
6.731978E-07	191047
6.734774E-07	191347
6.732544E-07	191647
6.731301E-07	191947
6.729530E-07	192247
6.730622E-07	192547
6.736125E-07	192847
6.734540E-07	193147
6.735185E-07	193447
6.741336E-07	193747
6.737666E-07	194047
6.733756E-07	194347
6.710948E-07	194648
6.739635E-07	194948
6.739008E-07	195248
6.736426E-07	195548
6.736495E-07	195848
6.737908E-07	196148
6.736492E-07	196448
6.732054E-07	196748
6.740081E-07	197048
6.731861E-07	197348
6.732512E-07	197648
6.732888E-07	197948
6.732080E-07	198248
6.734965E-07	198548
6.728659E-07	198848
6.732205E-07	199148
6.739602E-07	199448
6.954754E-07	199748
7.222838E-07	200048
7.220518E-07	200348
7.221590E-07	200648
7.219376E-07	200948
7.222601E-07	201248
7.216941E-07	201548
7.210322E-07	201850
7.229572E-07	202150
7.228087E-07	202450
7.223064E-07	202750
7.220042E-07	203050
7.220038E-07	203350
7.225457E-07	203650
7.224713E-07	203950
7.226408E-07	204250
7.237612E-07	204550
7.225317E-07	204850
7.224661E-07	205150
7.225145E-07	205450
7.222666E-07	205750
7.220447E-07	206050
7.223954E-07	206350
7.217566E-07	206650
7.219971E-07	206950
7.214795E-07	207250
7.223511E-07	207550
7.214539E-07	207850
7.224554E-07	208150
7.224102E-07	208450
7.224683E-07	208750
7.222624E-07	209050
7.218940E-07	209351
7.300702E-07	209651
7.733419E-07	209951
7.749005E-07	210251
7.755281E-07	210551
7.753118E-07	210851
7.751149E-07	211151
7.655069E-07	211457
7.750797E-07	211757
7.747134E-07	212057
7.752716E-07	212357
7.748029E-07	212657
7.753904E-07	212957
7.754328E-07	213257
7.754774E-07	213557
7.752027E-07	213857
7.750950E-07	214157
7.754481E-07	214457
7.752449E-07	214757
7.756593E-07	215057
7.752024E-07	215357
7.751284E-07	215657
7.750994E-07	215957
7.755888E-07	216257
7.753655E-07	216558
7.753035E-07	216858
7.755646E-07	217158
7.752194E-07	217458
7.752914E-07	217758
7.756659E-07	218058
7.749643E-07	218358
7.754031E-07	218658
7.755661E-07	218958
7.754733E-07	219258
7.754812E-07	219558
8.139556E-07	219858
8.238436E-07	220158
8.259528E-07	220458
8.259201E-07	220758
8.265443E-07	221058
8.257136E-07	221358
8.263595E-07	221658
8.265355E-07	221958
8.263970E-07	222258
8.261476E-07	222558
8.267290E-07	222858
8.288719E-07	223158
8.259907E-07	223458
8.280321E-07	223760
8.262137E-07	224060
8.259730E-07	224360
8.262120E-07	224660
8.263648E-07	224960
8.261536E-07	225260
8.262768E-07	225560
8.263859E-07	225860
8.257152E-07	226160
8.256239E-07	226460
8.263224E-07	226760
8.258590E-07	227060
8.263924E-07	227360
8.268212E-07	227660
8.261831E-07	227960
8.266276E-07	228260
8.261860E-07	228560
8.257981E-07	228860
8.263114E-07	229160
8.258274E-07	229460
8.509747E-07	229760
8.795495E-07	230060
8.791015E-07	230360
8.789618E-07	230660
8.790494E-07	230960
8.815724E-07	231261
8.785967E-07	231561
8.792704E-07	231861
8.789265E-07	232161
8.789860E-07	232461
8.782861E-07	232761
8.792424E-07	233061
8.793966E-07	233361
8.794139E-07	233661
8.791466E-07	233961
8.798817E-07	234261
8.792152E-07	234561
8.792721E-07	234861
8.798755E-07	235161
8.793571E-07	235461
8.798227E-07	235761
8.800573E-07	236061
8.804544E-07	236361
8.799747E-07	236661
8.800653E-07	236961
8.805564E-07	237261
8.801212E-07	237561
8.810485E-07	237861
8.805000E-07	238161
8.771749E-07	238464
8.800795E-07	238764
8.806174E-07	239064
8.805112E-07	239364
8.886334E-07	239664
9.272820E-07	239964
9.283534E-07	240264
9.281214E-07	240564
9.403374E-07	240870
9.285643E-07	241170
9.286151E-07	241470
9.289262E-07	241770
9.283955E-07	242070
9.285696E-07	242370
9.288016E-07	242670
9.284134E-07	242970
9.281115E-07	243270
9.287619E-07	243570
9.287340E-07	243870
9.281101E-07	244170
9.281907E-07	244470
9.291819E-07	244770
9.284344E-07	245070
9.293907E-07	245370
9.299402E-07	245670
9.310337E-07	245973
9.285434E-07	246271
9.301847E-07	246573
9.314400E-07	246871
9.275880E-07	247173
9.278234E-07	247471
9.283862E-07	247773
9.280712E-07	248072
9.278914E-07	248373
9.278319E-07	248671
9.278219E-07	248973
9.277074E-07	249271
9.274583E-07	249573
9.683994E-07	249871
9.769296E-07	250173
9.766200E-07	250471
9.767591E-07	250773
9.772858E-07	251072
9.769379E-07	251373
9.767135E-07	251671
9.771308E-07	251973
9.775421E-07	252271
9.780739E-07	252573
9.776687E-07	252871
9.778247E-07	253173
9.781506E-07	253472
9.783338E-07	253773
9.783097E-07	254072
9.787389E-07	254373
9.788595E-07	254672
9.792142E-07	254973
9.798242E-07	255272
9.807284E-07	255573
9.796356E-07	255872
9.816600E-07	256174
9.808047E-07	256472
9.808249E-07	256773
9.790459E-07	257072
9.836248E-07	257373
9.808414E-07	257672
9.779737E-07	257973
9.785780E-07	258272
9.784364E-07	258573
9.779753E-07	258872
9.790523E-07	259173
9.812500E-07	259472
1.006832E-06	259773
1.033939E-06	260072
1.033791E-06	260373
1.031864E-06	260673
1.031036E-06	260973
1.031519E-06	261273
1.031335E-06	261573
1.030796E-06	261873
1.030412E-06	262173
1.030854E-06	262473
1.030577E-06	262773
1.030606E-06	263073
1.030020E-06	263373
1.031225E-06	263673
1.030395E-06	263973
1.030177E-06	264273
1.030158E-06	264573
1.030512E-06	264873
1.030394E-06	265173
1.030317E-06	265473
1.031219E-06	265773
1.031479E-06	266073
1.031009E-06	266373
1.031358E-06	266673
1.031610E-06	266973
1.031561E-06	267273
1.031494E-06	267573
1.031970E-06	267874
1.031425E-06	268174
1.031172E-06	268474
1.031989E-06	268774
1.031870E-06	269074
1.031937E-06	269374
1.040900E-06	269674
1.080141E-06	269974
1.092816E-06	270281
1.080300E-06	270581
1.080553E-06	270881
1.081094E-06	271181
1.080331E-06	271481
1.080054E-06	271781
1.080216E-06	272081
1.080169E-06	272381
1.080196E-06	272681
1.080991E-06	272981
1.080771E-06	273281
1.079959E-06	273581
1.079396E-06	273881
1.079608E-06	274181
1.079525E-06	274481
1.079291E-06	274781
1.078612E-06	275082
1.081069E-06	275382
1.081543E-06	275682
1.081450E-06	275982
1.081068E-06	276282
1.081723E-06	276582
1.081303E-06	276882
1.081765E-06	277182
1.082155E-06	277482
1.081908E-06	277782
1.082171E-06	278082
1.082298E-06	278382
1.082043E-06	278682
1.082860E-06	278982
1.081869E-06	279282
1.081710E-06	279582
1.126329E-06	279882
1.135194E-06	280182
1.135513E-06	280482
1.136301E-06	280782
1.135097E-06	281082
1.136611E-06	281382
1.135531E-06	281682
1.135389E-06	281982
1.136787E-06	282283
1.134820E-06	282583
1.134319E-06	282883
1.134765E-06	283183
1.134659E-06	283483
1.134698E-06	283783
1.134930E-06	284083
1.135375E-06	284383
1.134916E-06	284683
1.135461E-06	284983
1.134185E-06	285283
1.135862E-06	285583
1.134771E-06	285883
1.135268E-06	286183
1.135495E-06	286483
1.134922E-06	286783
1.134738E-06	287083
1.133733E-06	287383
1.135284E-06	287683
1.135400E-06	287983
1.135599E-06	288283
1.134939E-06	288583
1.134855E-06	288883
1.135506E-06	289183
1.135478E-06	289483
1.158521E-06	289785
1.185636E-06	290085
1.185423E-06	290385
1.185577E-06	290685
1.185368E-06	290985
1.185710E-06	291285
1.186343E-06	291585
1.187421E-06	291885
1.187037E-06	292185
1.186307E-06	292485
1.186550E-06	292785
1.186791E-06	293085
1.186135E-06	293385
1.185742E-06	293685
1.187204E-06	293985
1.187862E-06	294285
1.187204E-06	294585
1.188174E-06	294885
1.188160E-06	295185
1.187446E-06	295485
1.188079E-06	295785
1.188886E-06	296085
1.188141E-06	296385
1.187251E-06	296685
1.184316E-06	296992
1.185148E-06	297292
1.184632E-06	297592
1.184707E-06	297892
1.185872E-06	298192
1.185426E-06	298492
1.185539E-06	298792
1.186480E-06	299092
1.185941E-06	299392
1.194789E-06	299698
1.238381E-06	299999
1.238400E-06	300299
1.237578E-06	300599
1.237248E-06	300899
1.237194E-06	301199
1.236626E-06	301499
1.236316E-06	301799
1.236415E-06	302099
1.236063E-06	302399
1.235282E-06	302699
1.235516E-06	302999
1.236276E-06	303299
1.236006E-06	303599
1.235638E-06	303899
1.235760E-06	304199
1.237457E-06	304501
1.236377E-06	304801
1.236235E-06	305101
1.235388E-06	305401
1.235151E-06	305701
1.234955E-06	306001
1.235509E-06	306301
1.235448E-06	306601
1.235477E-06	306901
1.235431E-06	307201
1.235712E-06	307501
1.235741E-06	307801
1.235814E-06	308101
1.236298E-06	308401
1.237046E-06	308701
1.237148E-06	309001
1.237431E-06	309301
1.238108E-06	309601
1.284125E-06	309901
1.290527E-06	310201
1.290784E-06	310501
1.292202E-06	310801
1.291386E-06	311101
1.291354E-06	311401
1.288703E-06	311702
1.292766E-06	312002
1.293010E-06	312302
1.293089E-06	312602
1.293640E-06	312902
1.293296E-06	313202
1.293656E-06	313502
1.293005E-06	313802
1.292302E-06	314102
1.291198E-06	314402
1.291280E-06	314702
1.292412E-06	315002
1.291801E-06	315302
1.291117E-06	315602
1.291224E-06	315902
1.291532E-06	316202
1.291401E-06	316502
1.291344E-06	316802
1.292338E-06	317102
1.292349E-06	317402
1.291635E-06	317702
1.289893E-06	318002
1.289566E-06	318302
1.289858E-06	318602
1.288627E-06	318903
1.291835E-06	319203
1.291907E-06	319503
1.318228E-06	319803
1.341250E-06	320103
1.341368E-06	320403
1.341507E-06	320703
1.342247E-06	321003
1.342529E-06	321303
1.342705E-06	321603
1.342739E-06	321903
1.342528E-06	322203
1.344222E-06	322503
1.344785E-06	322803
1.344622E-06	323103
1.345110E-06	323403
1.344794E-06	323703
1.345136E-06	324003
1.344387E-06	324303
1.344199E-06	324603
1.343733E-06	324903
1.343169E-06	325203
1.342663E-06	325503
1.342933E-06	325803
1.342644E-06	326103
1.342749E-06	326405
1.343472E-06	326705
1.342409E-06	327005
1.341210E-06	327305
1.341632E-06	327605
1.341753E-06	327905
1.341219E-06	328205
1.341749E-06	328505
1.342814E-06	328805
1.341843E-06	329111
1.344822E-06	329411
1.356456E-06	329711
1.394167E-06	330011
1.394076E-06	330311
1.394678E-06	330611
1.394008E-06	330911
1.393196E-06	331211
1.393012E-06	331511
1.392951E-06	331811
1.392232E-06	332111
1.392317E-06	332411
1.392565E-06	332711
1.392920E-06	333011
1.395769E-06	333311
1.394356E-06	333612
1.392048E-06	333912
1.390905E-06	334212
1.391360E-06	334512
1.391418E-06	334812
1.391577E-06	335112
1.391091E-06	335412
1.391837E-06	335712
1.392067E-06	336012
1.392136E-06	336312
1.392559E-06	336612
1.392708E-06	336912
1.392963E-06	337212
1.393635E-06	337512
1.393772E-06	337812
1.394178E-06	338112
1.393874E-06	338412
1.393882E-06	338712
1.393397E-06	339012
1.394217E-06	339312
1.395318E-06	339612
1.440722E-06	339912
1.448751E-06	340212
1.449325E-06	340512
1.449001E-06	340812
1.450248E-06	341113
1.449140E-06	341413
1.448315E-06	341713
1.447791E-06	342013
1.448549E-06	342313
1.447989E-06	342613
1.448623E-06	342913
1.447994E-06	343213
1.447752E-06	343513
1.447816E-06	343813
1.447712E-06	344113
1.448368E-06	344413
1.448713E-06	344713
1.447827E-06	345013
1.446792E-06	345313
1.446626E-06	345613
1.446746E-06	345913
1.446466E-06	346213
1.447151E-06	346513
1.447342E-06	346813
1.447128E-06	347113
1.448346E-06	347413
1.448523E-06	347713
1.448240E-06	348013
1.448278E-06	348315
1.449340E-06	348615
1.448660E-06	348915
1.450755E-06	349215
1.449872E-06	349515
1.476621E-06	349815
1.499314E-06	350115
1.499982E-06	350415
1.500309E-06	350715
1.499969E-06	351015
1.499933E-06	351315
1.499628E-06	351615
1.500046E-06	351915
1.498914E-06	352215
1.498889E-06	352515
1.499587E-06	352815
1.499227E-06	353115
1.499323E-06	353415
1.498492E-06	353715
1.499016E-06	354015
1.498248E-06	354315
1.500507E-06	354615
1.501071E-06	354915
1.502091E-06	355215
1.503013E-06	355517
1.499546E-06	355817
1.499957E-06	356117
1.500267E-06	356417
1.500453E-06	356717
1.501850E-06	357017
1.501402E-06	357317
1.501066E-06	357617
1.501859E-06	357917
1.502564E-06	358217
1.508200E-06	358524
1.503512E-06	358824
1.503594E-06	359124
1.504162E-06	359424
1.516663E-06	359724
1.557269E-06	360024
1.556985E-06	360324
1.556881E-06	360624
1.556763E-06	360924
1.556483E-06	361224
1.557287E-06	361524
1.557075E-06	361824
1.557117E-06	362124
1.557234E-06	362424
1.557750E-06	362724
1.556962E-06	363025
1.556406E-06	363325
1.556655E-06	363625
1.556433E-06	363925
1.556453E-06	364225
1.556393E-06	364525
1.556170E-06	364825
1.555774E-06	365125
1.556130E-06	365425
1.555902E-06	365725
1.556338E-06	366025
1.556213E-06	366325
1.556067E-06	366625
1.556514E-06	366925
1.556986E-06	367225
1.557263E-06	367525
1.557194E-06	367825
1.557371E-06	368125
1.557346E-06	368425
1.558058E-06	368725
1.557849E-06	369025
1.558501E-06	369325
1.559835E-06	369625
1.600480E-06	369925
1.606959E-06	370226
1.607191E-06	370526
1.606639E-06	370826
1.606870E-06	371126
1.607041E-06	371426
1.607503E-06	371726
1.607681E-06	372026
1.609974E-06	372326
1.607020E-06	372626
1.607937E-06	372926
1.609447E-06	373226
1.610159E-06	373526
1.609930E-06	373826
1.609550E-06	374126
1.609193E-06	374426
1.608400E-06	374726
1.608382E-06	375026
1.609292E-06	375326
1.609519E-06	375626
1.609582E-06	375926
1.609405E-06	376226
1.609941E-06	376526
1.609683E-06	376826
1.608990E-06	377126
1.610692E-06	377428
1.608606E-06	377728
1.608642E-06	378028
1.609256E-06	378328
1.608787E-06	378628
1.608444E-06	378928
1.608719E-06	379228
1.608839E-06	379528
1.636955E-06	379828
1.658482E-06	380128
1.658277E-06	380428
1.658129E-06	380728
1.657985E-06	381028
1.657689E-06	381328
1.657516E-06	381628
1.657837E-06	381928
1.658388E-06	382228
1.658127E-06	382528
1.657948E-06	382828
1.658079E-06	383128
1.658378E-06	383428
1.658000E-06	383728
1.659000E-06	384028
1.659033E-06	384328
1.660411E-06	384628
1.658197E-06	384929
1.660112E-06	385229
1.660222E-06	385529
1.660102E-06	385829
1.659322E-06	386129
1.660489E-06	386429
1.660930E-06	386729
1.661842E-06	387029
1.661047E-06	387329
1.661693E-06	387629
1.667668E-06	387936
1.663381E-06	388236
1.662756E-06	388536
1.664152E-06	388836
1.662693E-06	389136
1.662743E-06	389436
1.677117E-06	389736
1.717405E-06	390036
1.717275E-06	390336
1.717621E-06	390636
1.717240E-06	390936
1.716921E-06	391236
1.716750E-06	391536
1.716550E-06	391836
1.716548E-06	392137
1.717828E-06	392437
1.717682E-06	392737
1.718203E-06	393037
1.719361E-06	393337
1.718008E-06	393637
1.717102E-06	393937
1.717154E-06	394237
1.716747E-06	394537
1.717310E-06	394837
1.717663E-06	395137
1.716093E-06	395437
1.716524E-06	395737
1.717045E-06	396037
1.716832E-06	396337
1.716664E-06	396637
1.716473E-06	396937
1.716775E-06	397237
1.716955E-06	397537
1.718172E-06	397837
1.718780E-06	398137
1.716294E-06	398437
1.717556E-06	398737
1.717506E-06	399037
1.718279E-06	399337
1.716667E-06	399638
1.760063E-06	399938
1.766410E-06	400238
1.766685E-06	400538
1.766818E-06	400838
1.767429E-06	401138
1.767415E-06	401438
1.767770E-06	401738
1.767734E-06	402038
1.768629E-06	402338
1.768679E-06	402638
1.769131E-06	402938
1.768907E-06	403238
1.768915E-06	403538
1.767977E-06	403838
1.769130E-06	404138
1.767712E-06	404438
1.768896E-06	404738
1.769089E-06	405038
1.768735E-06	405338
1.769491E-06	405638
1.768836E-06	405938
1.768353E-06	406238
1.769570E-06	406538
1.769613E-06	406840
1.769892E-06	407140
1.769371E-06	407440
1.770212E-06	407740
1.769544E-06	408040
1.769670E-06	408340
1.770796E-06	408640
1.773027E-06	408940
1.770261E-06	409240
1.770639E-06	409540
1.803706E-06	409840
1.825586E-06	410140
1.824499E-06	410440
1.824626E-06	410740
1.825659E-06	411040
1.825777E-06	411340
1.826318E-06	411640
1.826606E-06	411940
1.825431E-06	412240
1.825567E-06	412540
1.826292E-06	412840
1.827080E-06	413140
1.826790E-06	413440
1.826863E-06	413740
1.831937E-06	414042
1.826439E-06	414342
1.824884E-06	414642
1.825685E-06	414942
1.826551E-06	415242
1.826360E-06	415542
1.826747E-06	415842
1.827657E-06	416142
1.827063E-06	416442
1.825834E-06	416742
1.826665E-06	417042
1.821813E-06	417348
1.827484E-06	417648
1.827446E-06	417948
1.827622E-06	418248
1.827480E-06	418548
1.826846E-06	418848
1.826960E-06	419148
1.827160E-06	419448
1.839402E-06	419748
1.875913E-06	420048
1.875833E-06	420348
1.876326E-06	420648
1.876091E-06	420948
1.876680E-06	421248
1.876314E-06	421549
1.879087E-06	421849
1.880613E-06	422149
1.880579E-06	422449
1.879908E-06	422749
1.880020E-06	423049
1.879914E-06	423349
1.880491E-06	423649
1.880383E-06	423949
1.881012E-06	424249
1.880362E-06	424549
1.880641E-06	424849
1.881007E-06	425149
1.881056E-06	425449
1.881534E-06	425749
1.882703E-06	426049
1.882745E-06	426349
1.882689E-06	426649
1.883427E-06	426949
1.883177E-06	427249
1.883191E-06	427549
1.883770E-06	427849
1.883110E-06	428149
1.883575E-06	428449
1.883808E-06	428751
1.882574E-06	429051
1.882847E-06	429351
1.884336E-06	429651
1.927103E-06	429951
1.932961E-06	430251
1.932594E-06	430551
1.932527E-06	430851
1.932974E-06	431151
1.932434E-06	431451
1.932234E-06	431751
1.931529E-06	432051
1.931085E-06	432351
1.931412E-06	432651
1.932452E-06	432951
1.933616E-06	433251
1.933193E-06	433551
1.933329E-06	433851
1.932882E-06	434151
1.932641E-06	434451
1.933151E-06	434751
1.933592E-06	435051
1.933750E-06	435351
1.933440E-06	435651
1.933309E-06	435952
1.934487E-06	436252
1.934457E-06	436552
1.934603E-06	436852
1.935527E-06	437152
1.934537E-06	437452
1.934646E-06	437752
1.935154E-06	438052
1.934622E-06	438352
1.935625E-06	438652
1.936264E-06	438952
1.936668E-06	439252
1.936320E-06	439552
1.969664E-06	439852
1.991425E-06	440152
1.992111E-06	440452
1.991456E-06	440752
1.991873E-06	441052
1.992414E-06	441352
1.992141E-06	441652
1.992356E-06	441952
1.992749E-06	442252
1.992834E-06	442552
1.992775E-06	442852
1.992153E-06	443152
1.992317E-06	443453
1.991011E-06	443753
1.990963E-06	444053
1.991378E-06	444353
1.991345E-06	444653
1.992588E-06	444953
1.992775E-06	445253
1.993521E-06	445553
1.993034E-06	445853
1.992281E-06	446153
1.991464E-06	446453
1.984675E-06	446759
1.993035E-06	447059
1.993362E-06	447359
1.994374E-06	447659
1.993194E-06	447959
1.992742E-06	448259
1.992707E-06	448559
1.992282E-06	448859
1.993270E-06	449159
1.993871E-06	449459
2.009358E-06	449759
2.045188E-06	450059
2.043837E-06	450359
2.044920E-06	450661
2.044499E-06	450961
2.044352E-06	451261
2.045030E-06	451561
2.045331E-06	451861
2.045471E-06	452161
2.044814E-06	452461
2.044782E-06	452761
2.044688E-06	453061
2.046190E-06	453361
2.045384E-06	453661
2.046291E-06	453961
2.045918E-06	454261
2.045338E-06	454561
2.045086E-06	454861
2.046363E-06	455161
2.048261E-06	455461
2.048284E-06	455761
2.047183E-06	456061
2.046588E-06	456361
2.046940E-06	456661
2.047169E-06	456961
2.047332E-06	457261
2.047563E-06	457561
2.047231E-06	457861
2.045995E-06	458162
2.048366E-06	458462
2.048285E-06	458762
2.049422E-06	459062
2.050224E-06	459362
2.054627E-06	459662
2.100145E-06	459962
2.105837E-06	460262
2.105021E-06	460562
2.106584E-06	460862
2.107516E-06	461162
2.105122E-06	461462
2.105993E-06	461762
2.107657E-06	462062
2.108130E-06	462362
2.106974E-06	462662
2.107273E-06	462962
2.107867E-06	463262
2.108060E-06	463562
2.109206E-06	463862
2.108619E-06	464162
2.110361E-06	464462
2.108925E-06	464762
2.109593E-06	465062
2.108860E-06	465363
2.109438E-06	465663
2.107849E-06	465963
2.107601E-06	466263
2.107714E-06	466563
2.108122E-06	466863
2.108217E-06	467163
2.107676E-06	467463
2.107248E-06	467763
2.106942E-06	468063
2.107653E-06	468363
2.107520E-06	468663
2.107072E-06	468963
2.107094E-06	469263
2.108436E-06	469563
2.138325E-06	469863
2.158025E-06	470163
2.158831E-06	470463
2.159087E-06	470763
2.158511E-06	471063
2.159728E-06	471363
2.158305E-06	471663
2.159548E-06	471963
2.160328E-06	472263
2.157149E-06	472566
2.161466E-06	472866
2.161602E-06	473166
2.161182E-06	473466
2.162244E-06	473766
2.162412E-06	474066
2.162978E-06	474366
2.163453E-06	474666
2.163800E-06	474966
2.163971E-06	475266
2.163140E-06	475566
2.162844E-06	475866
2.160820E-06	476174
2.161107E-06	476473
2.161711E-06	476773
2.162169E-06	477073
2.161188E-06	477373
2.161606E-06	477673
2.162586E-06	477973
2.163418E-06	478273
2.163067E-06	478573
2.164553E-06	478873
2.166147E-06	479173
2.163883E-06	479473
2.179206E-06	479773
2.211877E-06	480074
2.215858E-06	480374
2.216400E-06	480674
2.216733E-06	480974
2.215682E-06	481274
2.215438E-06	481574
2.215568E-06	481874
2.215825E-06	482174
2.215181E-06	482474
2.215039E-06	482774
2.215625E-06	483074
2.215505E-06	483374
2.215053E-06	483674
2.215916E-06	483974
2.215212E-06	484274
2.215135E-06	484574
2.216034E-06	484874
2.216665E-06	485174
2.216414E-06	485474
2.215711E-06	485774
2.215147E-06	486074
2.215190E-06	486374
2.215790E-06	486674
2.215769E-06	486974
2.218509E-06	487275
2.215502E-06	487575
2.215040E-06	487875
2.214802E-06	488175
2.214651E-06	488475
2.216471E-06	488775
2.219581E-06	489075
2.219298E-06	489375
2.224203E-06	489675
2.272007E-06	489975
2.275717E-06	490275
2.276542E-06	490575
2.277277E-06	490875
2.276206E-06	491175
2.275708E-06	491475
2.276778E-06	491775
2.277259E-06	492075
2.277561E-06	492375
2.277194E-06	492675
2.277175E-06	492975
2.279339E-06	493275
2.279273E-06	493575
2.279289E-06	493875
2.280701E-06	494175
2.280404E-06	494475
2.281860E-06	494777
2.280453E-06	495077
2.280117E-06	495377
2.279926E-06	495677
2.280708E-06	495977
2.281092E-06	496277
2.280054E-06	496577
2.280347E-06	496877
2.280042E-06	497177
2.280736E-06	497477
2.281244E-06	497777
2.279789E-06	498077
2.280685E-06	498377
2.281415E-06	498677
2.279737E-06	498977
2.279885E-06	499277
2.279620E-06	499577
2.310954E-06	499877
2.329577E-06	500177
2.330327E-06	500477
2.330188E-06	500777
2.331823E-06	501077
2.331636E-06	501377
2.331190E-06	501677
2.331162E-06	501978
2.331408E-06	502278
2.331414E-06	502578
2.331624E-06	502878
2.332879E-06	503178
2.333554E-06	503478
2.333415E-06	503778
2.333804E-06	504078
2.334088E-06	504378
2.334144E-06	504678
2.335892E-06	504978
2.336954E-06	505278
2.341442E-06	505584
2.334911E-06	505884
2.335954E-06	506184
2.335164E-06	506484
2.334407E-06	506784
2.334493E-06	507084
2.332991E-06	507384
2.333128E-06	507684
2.333179E-06	507984
2.333692E-06	508284
2.333783E-06	508584
2.334137E-06	508884
2.333869E-06	509185
2.336002E-06	509485
2.354712E-06	509785
2.391913E-06	510085
2.391704E-06	510385
2.390518E-06	510685
2.391630E-06	510985
2.391307E-06	511285
2.391024E-06	511585
2.392937E-06	511885
2.393193E-06	512185
2.393601E-06	512485
2.393857E-06	512785
2.393561E-06	513085
2.396190E-06	513385
2.393905E-06	513685
2.394011E-06	513985
2.393261E-06	514285
2.393419E-06	514585
2.393111E-06	514885
2.394192E-06	515185
2.393012E-06	515485
2.393490E-06	515785
2.393788E-06	516085
2.393428E-06	516385
2.393621E-06	516687
2.390936E-06	516987
2.392078E-06	517287
2.392494E-06	517587
2.392875E-06	517887
2.392720E-06	518187
2.393110E-06	518487
2.394105E-06	518787
2.393769E-06	519087
2.394582E-06	519387
2.396507E-06	519687
2.442052E-06	519987
2.445745E-06	520287
2.445294E-06	520587
2.445146E-06	520887
2.444945E-06	521187
2.444677E-06	521487
2.445005E-06	521787
2.444986E-06	522087
2.445418E-06	522387
2.446722E-06	522687
2.446594E-06	522987
2.446837E-06	523287
2.450634E-06	523587
2.451220E-06	523888
2.449765E-06	524188
2.449643E-06	524488
2.449313E-06	524788
2.450438E-06	525088
2.450028E-06	525388
2.450150E-06	525688
2.449635E-06	525988
2.450206E-06	526288
2.449498E-06	526588
2.448551E-06	526888
2.449126E-06	527188
2.449030E-06	527488
2.450351E-06	527788
2.450370E-06	528088
2.450992E-06	528388
2.451005E-06	528688
2.450159E-06	528988
2.451581E-06	529288
2.450295E-06	529588
2.484362E-06	529888
2.503085E-06	530188
2.502644E-06	530488
2.502689E-06	530788
2.497862E-06	531091
2.503878E-06	531391
2.503346E-06	531691
2.504433E-06	531991
2.505026E-06	532291
2.505939E-06	532591
2.506511E-06	532891
2.506254E-06	533191
2.506529E-06	533491
2.504915E-06	533791
2.505409E-06	534091
2.505070E-06	534391
2.506460E-06	534691
2.520410E-06	534998
2.506350E-06	535298
2.505638E-06	535598
2.503868E-06	535898
2.505302E-06	536198
2.506501E-06	536498
2.506866E-06	536798
2.508000E-06	537098
2.508193E-06	537398
2.507486E-06	537698
2.506558E-06	537998
2.507371E-06	538298
2.508093E-06	538599
2.509070E-06	538899
2.510074E-06	539199
2.508906E-06	539499
2.529205E-06	539799
2.564296E-06	540099
2.566496E-06	540399
2.565481E-06	540699
2.566856E-06	540999
2.566513E-06	541299
2.565391E-06	541599
2.566150E-06	541899
2.565487E-06	542199
2.565011E-06	542499
2.566122E-06	542799
2.566288E-06	543099
2.566402E-06	543399
2.567402E-06	543699
2.567073E-06	543999
2.567783E-06	544299
2.568423E-06	544599
2.567710E-06	544899
2.568081E-06	545199
2.568629E-06	545499
2.570358E-06	545800
2.567966E-06	546100
2.570101E-06	546400
2.568551E-06	546700
2.568516E-06	547000
2.568840E-06	547300
2.568555E-06	547600
2.567750E-06	547900
2.568175E-06	548200
2.567563E-06	548500
2.568224E-06	548800
2.568371E-06	549100
2.569680E-06	549400
2.569391E-06	549700
2.616878E-06	550000
2.620317E-06	550300
2.620077E-06	550600
2.620142E-06	550900
2.619277E-06	551200
2.619468E-06	551500
2.621324E-06	551800
2.620612E-06	552100
2.621489E-06	552400
2.621565E-06	552700
2.622992E-06	553000
2.622018E-06	553302
2.623851E-06	553602
2.623855E-06	553902
2.623716E-06	554202
2.624303E-06	554502
2.624172E-06	554802
2.624331E-06	555102
2.624373E-06	555402
2.623727E-06	555702
2.626702E-06	556002
2.628564E-06	556302
2.627978E-06	556602
2.628092E-06	556902
2.628253E-06	557202
2.628704E-06	557502
2.628433E-06	557802
2.630105E-06	558102
2.629396E-06	558402
2.630512E-06	558702
2.630849E-06	559002
2.631208E-06	559302
2.631178E-06	559602
2.668796E-06	559902
2.686782E-06	560202
2.688133E-06	560503
2.685583E-06	560803
2.685757E-06	561103
2.686297E-06	561403
2.686200E-06	561703
2.687222E-06	562003
2.687601E-06	562303
2.685941E-06	562603
2.687440E-06	562903
2.687615E-06	563203
2.687893E-06	563503
2.687967E-06	563803
2.686787E-06	564103
2.681054E-06	564409
2.687286E-06	564709
2.688047E-06	565009
2.687561E-06	565309
2.688771E-06	565609
2.689084E-06	565909
2.690227E-06	566209
2.690307E-06	566509
2.690835E-06	566809
2.690543E-06	567109
2.690906E-06	567409
2.692683E-06	567711
2.691770E-06	568011
2.691625E-06	568311
2.690718E-06	568611
2.691444E-06	568911
2.689822E-06	569211
2.691362E-06	569511
2.707992E-06	569811
2.742684E-06	570111
2.742642E-06	570411
2.743038E-06	570711
2.742496E-06	571011
2.743446E-06	571311
2.742720E-06	571611
2.741733E-06	571911
2.742364E-06	572211
2.742192E-06	572511
2.743184E-06	572811
2.744111E-06	573111
2.745056E-06	573411
2.744792E-06	573711
2.746196E-06	574011
2.747487E-06	574311
2.746022E-06	574611
2.745223E-06	574911
2.745483E-06	575212
2.745672E-06	575512
2.746148E-06	575812
2.747526E-06	576112
2.746550E-06	576412
2.745707E-06	576712
2.748886E-06	577012
2.749681E-06	577312
2.748812E-06	577612
2.748953E-06	577912
2.750322E-06	578212
2.750222E-06	578512
2.748554E-06	578812
2.749888E-06	579112
2.749055E-06	579412
2.749577E-06	579712
2.799751E-06	580012
2.799914E-06	580312
2.800128E-06	580612
2.800155E-06	580912
2.801279E-06	581212
2.801646E-06	581512
2.800848E-06	581812
2.801533E-06	582112
2.804013E-06	582413
2.799666E-06	582713
2.802004E-06	583013
2.802093E-06	583313
2.800584E-06	583613
2.800607E-06	583913
2.801418E-06	584213
2.802952E-06	584513
2.803498E-06	584813
2.803274E-06	585113
2.803950E-06	585413
2.803720E-06	585713
2.803880E-06	586013
2.804995E-06	586313
2.805531E-06	586613
2.804454E-06	586913
2.804072E-06	587213
2.804310E-06	587513
2.805295E-06	587813
2.806731E-06	588113
2.807234E-06	588413
2.807893E-06	588713
2.810011E-06	589013
2.808740E-06	589313
2.812014E-06	589616
2.849715E-06	589916
2.865853E-06	590216
2.865472E-06	590516
2.866820E-06	590816
2.866759E-06	591116
2.866097E-06	591416
2.866583E-06	591716
2.865644E-06	592016
2.865491E-06	592316
2.865684E-06	592616
2.865381E-06	592916
2.866693E-06	593216
2.867364E-06	593516
2.864931E-06	593823
2.870333E-06	594123
2.870968E-06	594423
2.871263E-06	594723
2.871109E-06	595023
2.870278E-06	595323
2.870317E-06	595623
2.870120E-06	595923
2.869990E-06	596223
2.869415E-06	596523
2.869462E-06	596823
2.871059E-06	597124
2.870198E-06	597424
2.870283E-06	597724
2.870281E-06	598024
2.869553E-06	598324
2.868942E-06	598624
2.869961E-06	598924
2.871333E-06	599224
2.870747E-06	599524
2.890513E-06	599824
2.924508E-06	600124
2.923667E-06	600424
2.924212E-06	600724
2.924090E-06	601024
2.923490E-06	601324
2.924679E-06	601624
2.924112E-06	601924
2.924880E-06	602224
2.925957E-06	602524
2.924761E-06	602824
2.925917E-06	603124
2.926775E-06	603424
2.926627E-06	603724
2.926910E-06	604024
2.928109E-06	604326
2.928059E-06	604626
2.928105E-06	604926
2.928408E-06	605226
2.926992E-06	605526
2.926856E-06	605826
2.925565E-06	606126
2.926866E-06	606426
2.926923E-06	606726
2.926176E-06	607026
2.928804E-06	607326
2.929150E-06	607626
2.929368E-06	607926
2.929729E-06	608226
2.929947E-06	608526
2.929830E-06	608826
2.933720E-06	609126
2.930676E-06	609426
2.932439E-06	609726
2.987358E-06	610026
2.987434E-06	610326
2.986841E-06	610626
2.988349E-06	610926
2.988799E-06	611226
2.988320E-06	611526
2.987899E-06	611827
2.987472E-06	612127
2.986718E-06	612427
2.987789E-06	612727
2.988059E-06	613027
2.990274E-06	613327
2.991642E-06	613627
2.990595E-06	613927
2.987861E-06	614227
2.988266E-06	614527
2.988837E-06	614827
2.988795E-06	615127
2.989107E-06	615427
2.990138E-06	615727
2.989861E-06	616027
2.989692E-06	616327
2.989823E-06	616627
2.991975E-06	616927
2.993108E-06	617227
2.992827E-06	617527
2.993700E-06	617827
2.992844E-06	618127
2.993622E-06	618427
2.994133E-06	618727
2.993928E-06	619028
2.994711E-06	619328
2.995887E-06	619628
3.033664E-06	619928
3.048529E-06	620228
3.048091E-06	620528
3.047493E-06	620828
3.048607E-06	621128
3.048750E-06	621428
3.048289E-06	621728
3.047151E-06	622028
3.046953E-06	622328
3.047020E-06	622628
3.048174E-06	622928
3.048337E-06	623234
3.052979E-06	623534
3.054160E-06	623834
3.055389E-06	624134
3.054210E-06	624434
3.055864E-06	624734
3.056668E-06	625034
3.057632E-06	625334
3.055688E-06	625634
3.055796E-06	625934
3.056387E-06	626236
3.057151E-06	626536
3.058344E-06	626836
3.060254E-06	627136
3.061366E-06	627436
3.060008E-06	627736
3.060480E-06	628036
3.061369E-06	628336
3.061229E-06	628636
3.061613E-06	628936
3.061522E-06	629236
3.060719E-06	629536
3.079017E-06	629836
3.113767E-06	630136
3.114544E-06	630436
3.113712E-06	630736
3.114261E-06	631036
3.114756E-06	631336
3.113372E-06	631636
3.113191E-06	631936
3.113096E-06	632236
3.112551E-06	632536
3.111916E-06	632836
3.112290E-06	633136
3.115747E-06	633436
3.113066E-06	633737
3.113919E-06	634037
3.116048E-06	634337
3.116033E-06	634637
3.116404E-06	634937
3.117543E-06	635237
3.117599E-06	635537
3.117825E-06	635837
3.117489E-06	636137
3.118125E-06	636437
3.119171E-06	636737
3.118102E-06	637037
3.119187E-06	637337
3.119113E-06	637637
3.120372E-06	637937
3.120552E-06	638237
3.122405E-06	638537
3.122836E-06	638837
3.122600E-06	639137
3.123944E-06	639437
3.131206E-06	639737
3.182983E-06	640037
3.182487E-06	640337
3.183505E-06	640637
3.183603E-06	640938
3.181591E-06	641238
3.183036E-06	641538
3.181654E-06	641838
3.181838E-06	642138
3.181631E-06	642438
3.181271E-06	642738
3.180462E-06	643038
3.180144E-06	643338
3.181749E-06	643638
3.182885E-06	643938
3.182767E-06	644238
3.183772E-06	644538
3.183879E-06	644838
3.183889E-06	645138
3.184695E-06	645438
3.186242E-06	645738
3.186779E-06	646038
3.186744E-06	646338
3.186463E-06	646638
3.187048E-06	646938
3.188126E-06	647238
3.188858E-06	647538
3.189898E-06	647838
3.189744E-06	648138
3.193571E-06	648441
3.189484E-06	648741
3.189914E-06	649041
3.190220E-06	649341
3.189240E-06	649641
3.228381E-06	649941
3.243388E-06	650241
3.244246E-06	650541
3.242438E-06	650841
3.245402E-06	651141
3.245151E-06	651441
3.243413E-06	651741
3.243483E-06	652041
3.242227E-06	652341
3.236222E-06	652647
3.245585E-06	652947
3.246912E-06	653247
3.247751E-06	653547
3.250063E-06	653847
3.250933E-06	654147
3.251260E-06	654447
3.250422E-06	654747
3.248950E-06	655047
3.248034E-06	655347
3.249148E-06	655649
3.245643E-06	655949
3.247252E-06	656249
3.246555E-06	656549
3.249504E-06	656849
3.250850E-06	657149
3.250721E-06	657449
3.249408E-06	657749
3.248620E-06	658049
3.251143E-06	658349
3.250571E-06	658649
3.250343E-06	658949
3.251258E-06	659249
3.253216E-06	659549
3.277841E-06	659849
3.310597E-06	660149
3.312754E-06	660449
3.311835E-06	660749
3.312460E-06	661049
3.312100E-06	661349
3.313578E-06	661649
3.313938E-06	661949
3.314821E-06	662249
3.315611E-06	662549
3.314963E-06	662850
3.312805E-06	663150
3.312230E-06	663450
3.311125E-06	663750
3.311517E-06	664050
3.311549E-06	664350
3.313758E-06	664650
3.312071E-06	664950
3.312182E-06	665250
3.312769E-06	665550
3.311772E-06	665850
3.312419E-06	666150
3.311804E-06	666450
3.313643E-06	666750
3.313407E-06	667050
3.312372E-06	667350
3.312904E-06	667650
3.313646E-06	667950
3.315589E-06	668250
3.318304E-06	668550
3.321898E-06	668850
3.321394E-06	669150
3.317010E-06	669450
3.320225E-06	669750
3.371430E-06	670050
3.372995E-06	670351
3.372728E-06	670651
3.374470E-06	670951
3.370798E-06	671251
3.370575E-06	671551
3.369190E-06	671851
3.370052E-06	672151
3.374858E-06	672451
3.370831E-06	672751
3.372007E-06	673051
3.375229E-06	673351
3.375404E-06	673651
3.374660E-06	673951
3.371025E-06	674251
3.370637E-06	674551
3.369739E-06	674851
3.369289E-06	675151
3.370191E-06	675451
3.371809E-06	675751
3.371448E-06	676051
3.372523E-06	676351
3.372820E-06	676651
3.374092E-06	676951
3.375055E-06	677251
3.375154E-06	677553
3.374881E-06	677853
3.376133E-06	678153
3.377595E-06	678453
3.377971E-06	678753
3.377704E-06	679053
3.378663E-06	679353
3.377954E-06	679653
3.417204E-06	679953
3.430503E-06	680253
3.430790E-06	680553
3.430209E-06	680853
3.431847E-06	681153
3.435337E-06	681453
3.434206E-06	681753
3.426177E-06	682058
3.433603E-06	682358
3.432830E-06	682658
3.434474E-06	682958
3.433574E-06	683258
3.435077E-06	683558
3.435106E-06	683858
3.435573E-06	684158
3.437265E-06	684458
3.438660E-06	684759
3.439362E-06	685059
3.437574E-06	685359
3.439111E-06	685659
3.438237E-06	685959
3.438322E-06	686259
3.438549E-06	686559
3.438781E-06	686859
3.440158E-06	687159
3.440159E-06	687459
3.441001E-06	687759
3.439013E-06	688059
3.439157E-06	688359
3.438249E-06	688659
3.439962E-06	688959
3.440984E-06	689259
3.441442E-06	689559
3.468848E-06	689859
3.502900E-06	690159
3.506007E-06	690459
3.505723E-06	690759
3.508264E-06	691059
3.508194E-06	691359
3.508422E-06	691659
3.511330E-06	691959
3.510541E-06	692261
3.511193E-06	692561
3.510075E-06	692861
3.508939E-06	693161
3.510181E-06	693461
3.507473E-06	693761
3.507346E-06	694061
3.507502E-06	694361
3.509009E-06	694661
3.508144E-06	694961
3.509458E-06	695261
3.509787E-06	695561
3.510350E-06	695861
3.508877E-06	696161
3.507872E-06	696461
3.508791E-06	696761
3.508786E-06	697061
3.508587E-06	697361
3.508514E-06	697661
3.511811E-06	697961
3.513692E-06	698261
3.512973E-06	698561
3.512281E-06	698861
3.511609E-06	699161
3.511707E-06	699462
3.515513E-06	699762
3.566579E-06	700062
3.567932E-06	700362
3.567905E-06	700662
3.567731E-06	700962
3.565941E-06	701262
3.566591E-06	701562
3.566533E-06	701862
3.564925E-06	702162
3.566870E-06	702462
3.567467E-06	702762
3.568008E-06	703062
3.567981E-06	703362
3.567989E-06	703662
3.568490E-06	703962
3.570696E-06	704262
3.569030E-06	704562
3.568635E-06	704862
3.569318E-06	705162
3.569104E-06	705462
3.570597E-06	705762
3.569909E-06	706062
3.571825E-06	706362
3.573851E-06	706662
3.573077E-06	706965
3.573601E-06	707265
3.573684E-06	707565
3.576536E-06	707865
3.577337E-06	708165
3.576777E-06	708465
3.577351E-06	708765
3.576717E-06	709065
3.575824E-06	709365
3.574354E-06	709665
3.619328E-06	709965
3.632521E-06	710265
3.632157E-06	710565
3.633559E-06	710865
3.632768E-06	711165
3.621563E-06	711471
3.633504E-06	711773
3.634572E-06	712072
3.636704E-06	712373
3.635541E-06	712671
3.634671E-06	712973
3.636733E-06	713271
3.637392E-06	713573
3.638693E-06	713871
3.640303E-06	714173
3.640172E-06	714473
3.640081E-06	714773
3.640735E-06	715073
3.638922E-06	715373
3.638432E-06	715673
3.638787E-06	715973
3.640157E-06	716273
3.640073E-06	716573
3.639505E-06	716873
3.641066E-06	717173
3.641965E-06	717473
3.641416E-06	717773
3.644235E-06	718073
3.642524E-06	718373
3.641018E-06	718673
3.642480E-06	718973
3.643504E-06	719273
3.643597E-06	719573
3.666118E-06	719873
3.698061E-06	720173
3.699744E-06	720473
3.698914E-06	720773
3.699415E-06	721073
3.700480E-06	721374
3.699807E-06	721674
3.699724E-06	721974
3.699663E-06	722274
3.701933E-06	722574
3.702477E-06	722874
3.703954E-06	723174
3.703428E-06	723474
3.704127E-06	723774
3.705800E-06	724074
3.705112E-06	724374
3.705004E-06	724674
3.705162E-06	724974
3.705811E-06	725274
3.706713E-06	725574
3.705611E-06	725874
3.705216E-06	726174
3.704042E-06	726474
3.705492E-06	726774
3.704555E-06	727074
3.704379E-06	727374
3.703815E-06	727674
3.704669E-06	727974
3.704595E-06	728274
3.705811E-06	728574
3.705378E-06	728875
3.707855E-06	729175
3.708323E-06	729475
3.711933E-06	729775
3.761460E-06	730075
3.762420E-06	730375
3.762442E-06	730675
3.762563E-06	730975
3.762976E-06	731275
3.763747E-06	731575
3.765926E-06	731875
3.764506E-06	732175
3.766157E-06	732475
3.765248E-06	732775
3.764765E-06	733075
3.766920E-06	733375
3.766048E-06	733675
3.765428E-06	733975
3.763157E-06	734275
3.764671E-06	734575
3.763911E-06	734875
3.764387E-06	735175
3.765454E-06	735475
3.765098E-06	735775
3.765083E-06	736077
3.763332E-06	736377
3.763624E-06	736677
3.764476E-06	736977
3.765748E-06	737277
3.764867E-06	737577
3.766457E-06	737877
3.768539E-06	738177
3.767285E-06	738477
3.768312E-06	738777
3.768838E-06	739077
3.770240E-06	739377
3.767861E-06	739677
3.814995E-06	739977
3.829479E-06	740277
3.829921E-06	740577
3.832758E-06	740882
3.828364E-06	741182
3.829179E-06	741482
3.828483E-06	741782
3.829671E-06	742082
3.829380E-06	742382
3.836711E-06	742682
3.834408E-06	742982
3.841747E-06	743283
3.843058E-06	743583
3.830983E-06	743883
3.832438E-06	744183
3.834262E-06	744483
3.833101E-06	744783
3.834502E-06	745083
3.834815E-06	745383
3.836201E-06	745683
3.837542E-06	745983
3.839248E-06	746283
3.840930E-06	746583
3.840312E-06	746883
3.839582E-06	747183
3.839967E-06	747483
3.839200E-06	747783
3.838910E-06	748083
3.839178E-06	748383
3.839394E-06	748683
3.837813E-06	748983
3.837627E-06	749283
3.839802E-06	749583
3.861717E-06	749883
3.891562E-06	750183
3.891890E-06	750483
3.891244E-06	750785
3.890206E-06	751085
3.891073E-06	751385
3.891111E-06	751685
3.893865E-06	751985
3.893227E-06	752285
3.894908E-06	752585
3.898859E-06	752885
3.897401E-06	753185
3.897916E-06	753485
3.899835E-06	753785
3.899373E-06	754085
3.900023E-06	754385
3.900178E-06	754685
3.902368E-06	754985
3.901252E-06	755285
3.902172E-06	755585
3.900866E-06	755885
3.900785E-06	756185
3.899476E-06	756485
3.899860E-06	756785
3.901809E-06	757085
3.911337E-06	757385
3.912234E-06	757685
3.914244E-06	757986
3.909655E-06	758286
3.910792E-06	758586
3.910463E-06	758886
3.908923E-06	759186
3.910237E-06	759486
3.919846E-06	759786
3.969882E-06	760086
3.969717E-06	760386
3.971053E-06	760686
3.971614E-06	760986
3.971769E-06	761286
3.972210E-06	761586
3.973056E-06	761886
3.975002E-06	762186
3.973493E-06	762486
3.974085E-06	762786
3.975324E-06	763086
3.973602E-06	763386
3.975944E-06	763686
3.979277E-06	763986
3.974297E-06	764286
3.973452E-06	764586
3.972799E-06	764886
3.972077E-06	765186
3.974053E-06	765489
3.977446E-06	765789
3.978077E-06	766089
3.977052E-06	766389
3.976220E-06	766689
3.978360E-06	766989
3.978581E-06	767289
3.977826E-06	767589
3.979106E-06	767889
3.979286E-06	768189
3.979091E-06	768489
3.978786E-06	768789
3.980927E-06	769089
3.980875E-06	769389
3.979122E-06	769689
4.028486E-06	769989
4.045014E-06	770296
4.035985E-06	770596
4.035306E-06	770896
4.034051E-06	771196
4.033824E-06	771496
4.034574E-06	771796
4.037957E-06	772096
4.038842E-06	772396
4.038726E-06	772697
4.037984E-06	772997
4.038325E-06	773297
4.039630E-06	773597
4.037988E-06	773897
4.042866E-06	774197
4.043868E-06	774497
4.046240E-06	774797
4.045529E-06	775097
4.044192E-06	775397
4.043426E-06	775697
4.041270E-06	775997
4.043573E-06	776297
4.042844E-06	776597
4.042372E-06	776897
4.040629E-06	777197
4.041494E-06	777497
4.040394E-06	777797
4.044974E-06	778097
4.045477E-06	778397
4.043412E-06	778697
4.043142E-06	778997
4.044382E-06	779297
4.044962E-06	779597
4.066449E-06	779899
4.099616E-06	780199
4.103025E-06	780499
4.103101E-06	780799
4.102095E-06	781099
4.102531E-06	781399
4.103199E-06	781699
4.103346E-06	781999
4.105368E-06	782299
4.114128E-06	782599
4.112677E-06	782899
4.112724E-06	783199
4.115785E-06	783499
4.109991E-06	783799
4.110453E-06	784099
4.109465E-06	784399
4.111299E-06	784699
4.112191E-06	784999
4.109437E-06	785299
4.109814E-06	785599
4.110172E-06	785899
4.110029E-06	786199
4.108746E-06	786499
4.110387E-06	786799
4.109013E-06	787099
4.107885E-06	787400
4.111000E-06	787700
4.112906E-06	788000
4.113685E-06	788300
4.113542E-06	788600
4.114796E-06	788900
4.113019E-06	789200
4.112923E-06	789500
4.122016E-06	789800
4.170397E-06	790100
4.174742E-06	790400
4.174530E-06	790700
4.181252E-06	791000
4.179827E-06	791300
4.178502E-06	791600
4.176450E-06	791900
4.176025E-06	792200
4.174332E-06	792500
4.173613E-06	792800
4.175071E-06	793100
4.178927E-06	793400
4.179572E-06	793700
4.176134E-06	794000
4.173097E-06	794300
4.172327E-06	794601
4.173358E-06	794901
4.177083E-06	795201
4.175038E-06	795501
4.175568E-06	795801
4.175884E-06	796101
4.175452E-06	796401
4.174691E-06	796701
4.174782E-06	797001
4.176472E-06	797301
4.176769E-06	797601
4.175366E-06	797901
4.176904E-06	798201
4.177350E-06	798501
4.178101E-06	798801
4.177295E-06	799101
4.181548E-06	799401
4.175298E-06	799707
4.222421E-06	800007
4.228986E-06	800307
4.229458E-06	800607
4.228675E-06	800907
4.229406E-06	801207
4.232097E-06	801507
4.233278E-06	801807
4.233705E-06	802108
4.233413E-06	802408
4.233518E-06	802708
4.232153E-06	803008
4.232650E-06	803308
4.236152E-06	803608
4.235258E-06	803908
4.235285E-06	804208
4.235914E-06	804508
4.232936E-06	804808
4.233269E-06	805108
4.233060E-06	805408
4.234357E-06	805708
4.234470E-06	806008
4.234188E-06	806308
4.234931E-06	806608
4.235288E-06	806908
4.234493E-06	807208
4.233848E-06	807508
4.235175E-06	807808
4.234569E-06	808108
4.234084E-06	808408
4.235259E-06	808708
4.236436E-06	809008
4.235667E-06	809310
4.237729E-06	809610
4.266520E-06	809910
4.296407E-06	810210
4.296484E-06	810510
4.296448E-06	810810
4.295689E-06	811110
4.298064E-06	811410
4.299528E-06	811710
4.301310E-06	812010
4.300170E-06	812310
4.299564E-06	812610
4.298538E-06	812910
4.297414E-06	813210
4.297669E-06	813510
4.295228E-06	813810
4.296974E-06	814110
4.295530E-06	814410
4.295911E-06	814710
4.297525E-06	815010
4.298093E-06	815310
4.297157E-06	815610
4.296192E-06	815910
4.299637E-06	816210
4.299191E-06	816511
4.303159E-06	816811
4.300831E-06	817111
4.301076E-06	817411
4.304305E-06	817711
4.303176E-06	818011
4.304344E-06	818311
4.303231E-06	818611
4.301913E-06	818911
4.302880E-06	819211
4.302800E-06	819511
4.311208E-06	819811
4.358917E-06	820111
4.362591E-06	820411
4.363023E-06	820711
4.362499E-06	821011
4.361990E-06	821311
4.360928E-06	821611
4.360752E-06	821911
4.360791E-06	822211
4.360813E-06	822511
4.360565E-06	822811
4.375140E-06	823111
4.359792E-06	823411
4.360179E-06	823711
4.362563E-06	824014
4.361798E-06	824314
4.368910E-06	824614
4.368433E-06	824914
4.367635E-06	825214
4.368169E-06	825514
4.368538E-06	825814
4.367404E-06	826114
4.368254E-06	826414
4.369198E-06	826714
4.369351E-06	827014
4.368734E-06	827314
4.369072E-06	827614
4.372522E-06	827914
4.373784E-06	828214
4.373899E-06	828514
4.375626E-06	828814
4.377740E-06	829120
4.372021E-06	829420
4.364522E-06	829720
4.421761E-06	830020
4.425636E-06	830320
4.426305E-06	830620
4.425900E-06	830920
4.425692E-06	831221
4.427372E-06	831521
4.427507E-06	831821
4.428086E-06	832121
4.427895E-06	832421
4.429769E-06	832721
4.434058E-06	833021
4.434606E-06	833321
4.433276E-06	833621
4.435147E-06	833921
4.435702E-06	834221
4.434989E-06	834521
4.433483E-06	834821
4.433552E-06	835121
4.434002E-06	835421
4.432572E-06	835721
4.432623E-06	836021
4.433074E-06	836321
4.436654E-06	836621
4.439706E-06	836921
4.438845E-06	837221
4.437947E-06	837521
4.436387E-06	837821
4.435567E-06	838121
4.433953E-06	838423
4.434748E-06	838723
4.436728E-06	839023
4.439031E-06	839323
4.439228E-06	839623
4.469790E-06	839923
4.499738E-06	840223
4.500699E-06	840523
4.500872E-06	840823
4.503657E-06	841123
4.506715E-06	841423
4.507569E-06	841723
4.507650E-06	842023
4.507282E-06	842323
4.509330E-06	842623
4.510174E-06	842923
4.511412E-06	843223
4.511379E-06	843523
4.510725E-06	843823
4.509782E-06	844123
4.508081E-06	844423
4.509659E-06	844723
4.510009E-06	845023
4.510711E-06	845323
4.512448E-06	845623
4.512081E-06	845924
4.512001E-06	846224
4.509129E-06	846524
4.510084E-06	846824
4.510644E-06	847124
4.510380E-06	847424
4.512018E-06	847724
4.512155E-06	848024
4.513390E-06	848324
4.512226E-06	848624
4.513543E-06	848924
4.511254E-06	849224
4.517059E-06	849524
4.528367E-06	849824
4.579612E-06	850124
4.575777E-06	850424
4.574110E-06	850724
4.574772E-06	851024
4.572504E-06	851324
4.573854E-06	851624
4.575433E-06	851924
4.572960E-06	852224
4.571511E-06	852524
4.569411E-06	852824
4.570710E-06	853125
4.574061E-06	853425
4.573285E-06	853725
4.571080E-06	854025
4.571642E-06	854325
4.571545E-06	854625
4.569842E-06	854925
4.569561E-06	855225
4.568653E-06	855525
4.568474E-06	855825
4.569041E-06	856125
4.572643E-06	856425
4.572650E-06	856725
4.571805E-06	857025
4.571832E-06	857325
4.571926E-06	857625
4.573367E-06	857925
4.581240E-06	858225
4.590165E-06	858531
4.579343E-06	858831
4.577586E-06	859131
4.580053E-06	859431
4.571946E-06	859731
4.637093E-06	860031
4.639819E-06	860331
4.641723E-06	860633
4.636423E-06	860933
4.635837E-06	861233
4.637265E-06	861533
4.637466E-06	861833
4.638420E-06	862133
4.641443E-06	862433
4.643216E-06	862733
4.643464E-06	863033
4.643452E-06	863333
4.644080E-06	863633
4.643186E-06	863933
4.645048E-06	864233
4.645738E-06	864533
4.643553E-06	864833
4.645161E-06	865133
4.645775E-06	865433
4.644864E-06	865733
4.645073E-06	866033
4.649244E-06	866333
4.653211E-06	866633
4.652060E-06	866933
4.651341E-06	867233
4.651466E-06	867533
4.651417E-06	867834
4.650288E-06	868134
4.653612E-06	868434
4.653913E-06	868734
4.652236E-06	869034
4.651162E-06	869334
4.653621E-06	869634
4.677348E-06	869934
4.707706E-06	870234
4.711989E-06	870534
4.712112E-06	870834
4.711576E-06	871134
4.710845E-06	871434
4.711085E-06	871734
4.711298E-06	872034
4.709544E-06	872334
4.711552E-06	872634
4.711943E-06	872934
4.712058E-06	873234
4.716971E-06	873534
4.715547E-06	873834
4.715846E-06	874134
4.715700E-06	874434
4.716995E-06	874734
4.719260E-06	875035
4.717489E-06	875335
4.719754E-06	875635
4.718612E-06	875935
4.719107E-06	876235
4.717984E-06	876535
4.720256E-06	876835
4.720729E-06	877135
4.719122E-06	877435
4.717228E-06	877735
4.717672E-06	878035
4.718850E-06	878335
4.717657E-06	878635
4.721382E-06	878935
4.724177E-06	879235
4.724223E-06	879535
4.733768E-06	879835
4.781618E-06	880135
4.782652E-06	880435
4.782839E-06	880735
4.781779E-06	881035
4.786699E-06	881335
4.783246E-06	881635
4.783727E-06	881935
4.784402E-06	882235
4.789140E-06	882538
4.785536E-06	882838
4.789402E-06	883138
4.792756E-06	883438
4.793909E-06	883738
4.790903E-06	884038
4.791690E-06	884338
4.789976E-06	884638
4.791311E-06	884938
4.791399E-06	885238
4.792342E-06	885538
4.791047E-06	885838
4.790220E-06	886138
4.788867E-06	886438
4.785085E-06	886738
4.783445E-06	887038
4.788374E-06	887338
4.790580E-06	887638
4.786762E-06	887945
4.789547E-06	888245
4.791227E-06	888545
4.791493E-06	888845
4.791338E-06	889145
4.793445E-06	889445
4.789084E-06	889746
4.852466E-06	890046
4.850636E-06	890346
4.851063E-06	890646
4.852371E-06	890946
4.849958E-06	891246
4.857016E-06	891546
4.860242E-06	891846
4.859157E-06	892146
4.861680E-06	892446
4.860131E-06	892746
4.861147E-06	893046
4.860241E-06	893346
4.860630E-06	893646
4.860612E-06	893946
4.861197E-06	894246
4.859447E-06	894546
4.857918E-06	894846
4.859212E-06	895146
4.859454E-06	895446
4.862047E-06	895746
4.864047E-06	896046
4.864582E-06	896346
4.866038E-06	896646
4.864497E-06	896948
4.864963E-06	897248
4.865929E-06	897548
4.864710E-06	897848
4.866688E-06	898148
4.867463E-06	898448
4.865237E-06	898748
4.862988E-06	899048
4.861704E-06	899348
4.863845E-06	899648
4.897263E-06	899948
4.923540E-06	900248
4.924860E-06	900548
4.923952E-06	900848
4.921749E-06	901148
4.921965E-06	901448
4.922122E-06	901748
4.923450E-06	902048
4.921645E-06	902348
4.923138E-06	902648
4.919527E-06	902948
4.914823E-06	903248
4.914258E-06	903548
4.916536E-06	903848
4.918088E-06	904148
4.917752E-06	904449
4.920666E-06	904749
4.922685E-06	905049
4.921916E-06	905349
4.919741E-06	905649
4.920156E-06	905949
4.920863E-06	906249
4.919698E-06	906549
4.919762E-06	906849
4.920929E-06	907149
4.920490E-06	907449
4.920063E-06	907749
4.922304E-06	908049
4.923455E-06	908349
4.925690E-06	908649
4.924813E-06	908949
4.924134E-06	909249
4.921886E-06	909549
4.933135E-06	909849
4.981312E-06	910149
4.982993E-06	910449
4.982307E-06	910749
4.983340E-06	911049
4.984565E-06	911349
4.980875E-06	911650
4.981627E-06	911950
4.983236E-06	912250
4.984685E-06	912550
4.986690E-06	912850
4.990847E-06	913150
4.994594E-06	913450
4.995007E-06	913750
4.992889E-06	914050
4.989818E-06	914350
4.990507E-06	914650
4.988965E-06	914950
4.992544E-06	915250
4.993718E-06	915550
4.990568E-06	915850
4.991897E-06	916150
4.993080E-06	916450
5.000572E-06	916750
5.000222E-06	917050
4.994503E-06	917357
4.999035E-06	917657
4.999398E-06	917957
4.999150E-06	918257
4.999622E-06	918557
5.000598E-06	918857
5.001994E-06	919158
5.005598E-06	919458
4.996059E-06	919758
5.055959E-06	920058
5.058778E-06	920358
5.058377E-06	920658
5.062552E-06	920958
5.064262E-06	921258
5.066400E-06	921558
5.063845E-06	921858
5.062733E-06	922158
5.063583E-06	922458
5.063264E-06	922758
5.063905E-06	923058
5.063575E-06	923358
5.064171E-06	923658
5.062312E-06	923958
5.061495E-06	924258
5.062210E-06	924558
5.063570E-06	924858
5.069895E-06	925158
5.069752E-06	925458
5.069976E-06	925758
5.068361E-06	926058
5.067959E-06	926359
5.072764E-06	926659
5.071819E-06	926959
5.070988E-06	927259
5.070628E-06	927559
5.073397E-06	927859
5.072268E-06	928159
5.071119E-06	928459
5.072863E-06	928759
5.074076E-06	929059
5.075365E-06	929359
5.072872E-06	929659
5.110004E-06	929959
5.133908E-06	930259
5.133241E-06	930559
5.133360E-06	930859
5.134274E-06	931159
5.133747E-06	931459
5.131145E-06	931759
5.133069E-06	932059
5.131244E-06	932359
5.129865E-06	932659
5.131865E-06	932959
5.133365E-06	933259
5.142609E-06	933561
5.135605E-06	933861
5.137586E-06	934161
5.135088E-06	934461
5.133710E-06	934761
5.133898E-06	935061
5.135414E-06	935361
5.138621E-06	935661
5.134767E-06	935961
5.134663E-06	936261
5.133733E-06	936561
5.135574E-06	936861
5.137162E-06	937161
5.137515E-06	937461
5.141248E-06	937761
5.145149E-06	938061
5.147030E-06	938361
5.145861E-06	938661
5.143662E-06	938961
5.144362E-06	939261
5.145553E-06	939561
5.158002E-06	939861
5.203675E-06	940161
5.206467E-06	940461
5.204684E-06	940761
5.204816E-06	941063
5.201896E-06	941363
5.204095E-06	941663
5.207959E-06	941963
5.207637E-06	942263
5.210927E-06	942563
5.211079E-06	942863
5.210488E-06	943163
5.212016E-06	943463
5.211366E-06	943763
5.210878E-06	944063
5.212075E-06	944363
5.213511E-06	944663
5.213764E-06	944963
5.211131E-06	945263
5.214356E-06	945563
5.215904E-06	945863
5.217371E-06	946163
5.217845E-06	946463
5.222464E-06	946770
5.215490E-06	947070
5.214216E-06	947370
5.214491E-06	947670
5.213615E-06	947970
5.214172E-06	948271
5.216423E-06	948573
5.217161E-06	948871
5.216993E-06	949173
5.216883E-06	949471
5.211673E-06	949773
5.274919E-06	950072
5.280544E-06	950373
5.280235E-06	950671
5.283107E-06	950973
5.281416E-06	951271
5.281336E-06	951573
5.283349E-06	951871
5.282830E-06	952173
5.282566E-06	952471
5.281307E-06	952773
5.280825E-06	953072
5.277641E-06	953373
5.277226E-06	953671
5.276932E-06	953973
5.276180E-06	954271
5.279167E-06	954573
5.277673E-06	954871
5.279194E-06	955173
5.277648E-06	955471
5.277086E-06	955773
5.279273E-06	956072
5.278805E-06	956373
5.280770E-06	956672
5.283194E-06	956973
5.283360E-06	957272
5.282910E-06	957573
5.282076E-06	957872
5.282816E-06	958173
5.282755E-06	958472
5.292487E-06	958773
5.297347E-06	959072
5.298203E-06	959373
5.296014E-06	959672
5.334607E-06	959973
5.357559E-06	960272
5.358916E-06	960573
5.359781E-06	960872
5.359373E-06	961173
5.357755E-06	961472
5.358487E-06	961773
5.356082E-06	962072
5.356415E-06	962373
5.357764E-06	962672
5.362746E-06	962973
5.358347E-06	963273
5.359437E-06	963573
5.359211E-06	963873
5.359649E-06	964173
5.360492E-06	964473
5.361048E-06	964773
5.361501E-06	965073
5.361690E-06	965373
5.360749E-06	965673
5.359134E-06	965973
5.358665E-06	966273
5.358950E-06	966573
5.360027E-06	966873
5.368754E-06	967173
5.369945E-06	967473
5.370092E-06	967773
5.368974E-06	968073
5.367012E-06	968373
5.369440E-06	968673
5.369021E-06	968973
5.372458E-06	969273
5.371676E-06	969573
5.383863E-06	969873
5.428331E-06	970175
5.427155E-06	970475
5.428553E-06	970775
5.431051E-06	971075
5.431598E-06	971375
5.431807E-06	971675
5.432842E-06	971975
5.435232E-06	972275
5.445744E-06	972575
5.439048E-06	972875
5.443119E-06	973175
5.450208E-06	973475
5.447252E-06	973775
5.447136E-06	974075
5.444545E-06	974375
5.443335E-06	974675
5.444928E-06	974975
5.451735E-06	975275
5.455656E-06	975575
5.452978E-06	975875
5.455230E-06	976181
5.450221E-06	976481
5.446650E-06	976781
5.446116E-06	977081
5.448163E-06	977381
5.447021E-06	977682
5.449730E-06	977982
5.451947E-06	978282
5.453968E-06	978582
5.452453E-06	978882
5.451607E-06	979182
5.453114E-06	979482
5.450259E-06	979782
5.513830E-06	980082
5.518501E-06	980382
5.516086E-06	980682
5.515878E-06	980982
5.517046E-06	981282
5.519428E-06	981582
5.517482E-06	981882
5.516731E-06	982182
5.517933E-06	982482
5.512152E-06	982782
5.512229E-06	983082
5.512958E-06	983382
5.516987E-06	983682
5.522185E-06	983982
5.522349E-06	984282
5.520738E-06	984582
5.517249E-06	984884
5.516952E-06	985184
5.517874E-06	985484
5.520290E-06	985784
5.521771E-06	986084
5.523829E-06	986384
5.523575E-06	986684
5.522241E-06	986984
5.521131E-06	987284
5.522793E-06	987584
5.525646E-06	987884
5.526054E-06	988184
5.530473E-06	988484
5.529886E-06	988784
5.528373E-06	989084
5.528278E-06	989384
5.523998E-06	989684
5.571042E-06	989984
5.589401E-06	990284
5.590382E-06	990584
5.591569E-06	990884
5.592981E-06	991184
5.595018E-06	991484
5.597317E-06	991784
5.597035E-06	992085
5.602534E-06	992385
5.602100E-06	992685
5.602647E-06	992985
5.605818E-06	993285
5.606101E-06	993585
5.607241E-06	993885
5.606772E-06	994185
5.606519E-06	994485
5.608945E-06	994785
5.610533E-06	995085
5.609058E-06	995385
5.617050E-06	995685
5.612272E-06	995985
5.613745E-06	996285
5.613556E-06	996585
5.611883E-06	996885
5.614148E-06	997185
5.612571E-06	997485
5.613312E-06	997785
5.614214E-06	998085
5.615527E-06	998385
5.615765E-06	998685
5.618409E-06	998985
5.619881E-06	999285
5.613009E-06	999588
5.630578E-06	999888
5.676968E-06	1000188
5.682818E-06	1000488
5.687179E-06	1000788
5.688643E-06	1001088
5.690111E-06	1001388
5.688062E-06	1001688
5.686324E-06	1001988
5.686072E-06	1002288
5.688694E-06	1002588
5.690863E-06	1002888
5.690811E-06	1003188
5.692507E-06	1003488
5.688898E-06	1003788
5.687623E-06	1004088
5.687345E-06	1004388
5.690498E-06	1004688
5.694088E-06	1004988
5.684353E-06	1005294
5.693077E-06	1005594
5.697644E-06	1005894
5.694579E-06	1006194
5.697118E-06	1006496
5.696152E-06	1006796
5.697345E-06	1007096
5.698661E-06	1007396
5.704998E-06	1007696
5.709042E-06	1007996
5.703873E-06	1008296
5.704470E-06	1008596
5.705974E-06	1008896
5.707507E-06	1009196
5.706287E-06	1009496
5.703968E-06	1009796
5.771032E-06	1010096
5.773776E-06	1010396
5.774874E-06	1010696
5.775553E-06	1010996
5.775804E-06	1011296
5.777437E-06	1011596
5.778872E-06	1011896
5.774364E-06	1012196
5.774175E-06	1012496
5.775034E-06	1012796
5.779110E-06	1013096
5.778579E-06	1013397
5.779996E-06	1013697
5.782799E-06	1013997
5.783035E-06	1014297
5.784698E-06	1014597
5.787127E-06	1014897
5.786696E-06	1015197
5.787024E-06	1015497
5.788410E-06	1015797
5.788628E-06	1016097
5.785188E-06	1016397
5.783278E-06	1016697
5.783259E-06	1016997
5.787068E-06	1017297
5.789714E-06	1017597
5.794340E-06	1017897
5.793716E-06	1018197
5.793045E-06	1018497
5.793333E-06	1018797
5.792936E-06	1019097
5.791941E-06	1019397
5.785795E-06	1019697
5.834963E-06	1019997
5.854226E-06	1020297
5.853629E-06	1020598
5.856032E-06	1020898
5.858045E-06	1021198
5.861613E-06	1021498
5.862765E-06	1021798
5.864443E-06	1022098
5.867262E-06	1022398
5.866732E-06	1022698
5.867187E-06	1022998
5.867304E-06	1023298
5.867701E-06	1023598
5.869450E-06	1023898
5.877817E-06	1024198
5.870790E-06	1024498
5.868380E-06	1024798
5.868973E-06	1025098
5.869992E-06	1025398
5.877545E-06	1025698
5.885899E-06	1025998
5.886605E-06	1026298
5.886686E-06	1026598
5.888347E-06	1026898
5.887415E-06	1027198
5.885979E-06	1027500
5.887562E-06	1027800
5.888756E-06	1028100
5.889846E-06	1028400
5.890352E-06	1028700
5.891655E-06	1029000
5.891067E-06	1029300
5.889766E-06	1029600
5.897562E-06	1029900
5.934994E-06	1030200
5.933491E-06	1030500
5.933855E-06	1030800
5.936564E-06	1031100
5.937334E-06	1031400
5.936756E-06	1031700
5.934738E-06	1032000
5.934393E-06	1032300
5.931645E-06	1032600
5.928875E-06	1032900
5.931271E-06	1033200
5.929676E-06	1033506
5.933559E-06	1033806
5.932739E-06	1034106
5.935951E-06	1034407
5.938021E-06	1034707
5.936437E-06	1035007
5.939188E-06	1035307
5.938950E-06	1035607
5.939881E-06	1035907
5.937134E-06	1036207
5.938229E-06	1036507
5.941029E-06	1036807
5.940135E-06	1037107
5.941444E-06	1037407
5.940422E-06	1037707
5.942432E-06	1038007
5.942143E-06	1038307
5.943344E-06	1038607
5.943482E-06	1038907
5.943903E-06	1039207
5.946109E-06	1039507
4.311962E-06	1039807
2.910617E-06	1040107
2.904907E-06	1040407
2.901564E-06	1040707
2.897582E-06	1041007
2.893382E-06	1041307
2.888602E-06	1041609
2.887937E-06	1041909
2.886502E-06	1042209
2.885301E-06	1042509
2.884510E-06	1042809
2.882229E-06	1043109
2.880845E-06	1043409
2.878452E-06	1043709
2.877031E-06	1044009
2.875283E-06	1044309
2.873380E-06	1044609
2.878672E-06	1044909
2.875013E-06	1045209
2.872944E-06	1045509
2.869174E-06	1045809
2.867596E-06	1046109
2.865400E-06	1046409
2.863962E-06	1046709
2.861684E-06	1047009
2.860778E-06	1047309
2.857443E-06	1047609
2.856251E-06	1047909
2.854982E-06	1048209
2.854920E-06	1048510
2.851563E-06	1048810
2.848580E-06	1049110
2.847563E-06	1049410
2.846520E-06	1049710
2.844635E-06	1050010
2.844129E-06	1050310
2.844073E-06	1050610
2.845213E-06	1050910
2.844258E-06	1051210
2.843931E-06	1051510
2.841989E-06	1051810
2.840910E-06	1052110
2.839854E-06	1052410
2.837856E-06	1052710
2.838556E-06	1053010
2.840273E-06	1053310
2.838593E-06	1053610
2.837088E-06	1053910
2.835460E-06	1054210
2.834409E-06	1054510
2.832283E-06	1054810
2.831181E-06	1055110
2.832528E-06	1055413
2.828397E-06	1055713
2.827310E-06	1056013
2.826270E-06	1056313
2.825344E-06	1056613
2.823936E-06	1056913
2.824125E-06	1057213
2.823894E-06	1057513
2.824136E-06	1057813
2.822945E-06	1058113
2.822922E-06	1058413
2.821265E-06	1058713
2.820481E-06	1059013
2.820298E-06	1059313
2.819766E-06	1059613
2.818817E-06	1059913
2.818969E-06	1060213
2.819583E-06	1060513
2.817868E-06	1060813
2.816467E-06	1061113
2.815890E-06	1061413
2.817449E-06	1061719
2.809634E-06	1062019
2.807525E-06	1062320
2.807721E-06	1062620
2.807084E-06	1062920
2.807902E-06	1063220
2.808504E-06	1063520
2.807076E-06	1063820
2.807384E-06	1064120
2.805683E-06	1064420
2.806971E-06	1064720
2.804989E-06	1065020
2.804172E-06	1065320
2.804269E-06	1065620
2.804229E-06	1065920
2.803748E-06	1066220
2.802807E-06	1066520
2.801902E-06	1066820
2.799343E-06	1067120
2.798732E-06	1067420
2.797257E-06	1067720
2.796044E-06	1068020
2.794205E-06	1068320
2.793223E-06	1068620
2.791808E-06	1068920
2.791387E-06	1069220
2.792371E-06	1069521
2.788154E-06	1069821
2.786657E-06	1070121
2.785030E-06	1070421
2.784367E-06	1070721
2.784714E-06	1071021
2.785107E-06	1071321
2.785630E-06	1071621
2.784410E-06	1071921
2.783993E-06	1072221
2.783370E-06	1072521
2.782154E-06	1072821
2.781482E-06	1073121
2.781075E-06	1073421
2.779766E-06	1073721
2.779184E-06	1074021
2.780068E-06	1074321
2.778479E-06	1074621
2.778317E-06	1074921
2.778420E-06	1075221
2.776522E-06	1075521
2.775938E-06	1075821
2.774145E-06	1076121
2.773130E-06	1076423
2.771938E-06	1076723
2.770550E-06	1077023
2.769740E-06	1077323
2.770056E-06	1077623
2.768331E-06	1077923
2.765643E-06	1078223
2.766004E-06	1078523
2.764875E-06	1078823
2.764593E-06	1079123
2.764413E-06	1079423
2.763178E-06	1079723
2.763496E-06	1080023
2.763374E-06	1080323
2.762357E-06	1080623
2.761905E-06	1080923
2.760103E-06	1081223
2.760336E-06	1081523
2.758832E-06	1081823
2.758757E-06	1082123
2.760675E-06	1082423
2.759828E-06	1082723
2.759366E-06	1083023
2.758801E-06	1083324
2.754502E-06	1083624
2.753751E-06	1083924
2.754051E-06	1084224
2.753367E-06	1084524
2.753165E-06	1084824
2.752473E-06	1085124
2.751396E-06	1085424
2.750181E-06	1085724
2.747662E-06	1086024
2.748193E-06	1086324
2.746898E-06	1086624
2.746762E-06	1086924
2.745551E-06	1087224
2.745054E-06	1087524
2.746132E-06	1087824
2.744661E-06	1088124
2.743466E-06	1088424
2.743173E-06	1088724
2.742853E-06	1089024
2.742384E-06	1089324
2.741710E-06	1089624
2.750146E-06	1089930
2.739969E-06	1090231
2.738994E-06	1090531
2.738485E-06	1090831
2.737338E-06	1091131
2.735281E-06	1091431
2.733332E-06	1091731
2.733971E-06	1092031
2.733515E-06	1092331
2.732993E-06	1092631
2.732981E-06	1092931
2.734510E-06	1093231
2.736614E-06	1093531
2.736278E-06	1093831
2.734497E-06	1094131
2.734463E-06	1094431
2.732419E-06	1094731
2.732200E-06	1095031
2.732230E-06	1095331
2.732602E-06	1095631
2.732092E-06	1095931
2.731879E-06	1096231
2.730912E-06	1096531
2.730528E-06	1096831
2.730873E-06	1097131
2.730027E-06	1097432
2.728454E-06	1097732
2.727091E-06	1098032
2.726289E-06	1098332
2.726503E-06	1098632
2.726010E-06	1098932
2.725038E-06	1099232
2.723359E-06	1099532
2.724895E-06	1099832
2.722999E-06	1100132
2.723242E-06	1100432
2.722217E-06	1100732
2.724102E-06	1101032
2.724062E-06	1101332
2.723969E-06	1101632
2.724641E-06	1101932
2.724073E-06	1102232
2.723298E-06	1102532
2.722099E-06	1102832
2.720925E-06	1103132
2.721032E-06	1103432
2.721173E-06	1103732
2.721102E-06	1104032
2.720032E-06	1104334
2.717068E-06	1104634
2.715941E-06	1104934
2.715924E-06	1105234
2.716072E-06	1105534
2.715359E-06	1105834
2.715910E-06	1106134
2.715208E-06	1106434
2.714560E-06	1106734
2.714690E-06	1107034
2.712253E-06	1107334
2.710939E-06	1107634
2.709997E-06	1107934
2.708686E-06	1108234
2.708815E-06	1108534
2.708399E-06	1108834
2.709800E-06	1109134
2.709423E-06	1109434
2.710669E-06	1109734
2.709089E-06	1110034
2.708649E-06	1110334
2.707498E-06	1110634
2.707624E-06	1110934
2.709991E-06	1111236
2.709218E-06	1111536
2.707485E-06	1111836
2.706261E-06	1112136
2.704571E-06	1112436
2.702607E-06	1112736
2.703408E-06	1113036
2.705125E-06	1113336
2.703157E-06	1113636
2.702810E-06	1113936
2.702794E-06	1114236
2.703011E-06	1114536
2.701481E-06	1114836
2.701114E-06	1115136
2.701561E-06	1115436
2.701816E-06	1115736
2.701041E-06	1116036
2.700692E-06	1116336
2.701400E-06	1116636
2.702188E-06	1116936
2.703611E-06	1117236
2.702892E-06	1117536
2.702290E-06	1117836
2.714220E-06	1118143
2.701193E-06	1118444
2.700054E-06	1118744
2.700067E-06	1119044
2.699491E-06	1119344
2.698048E-06	1119644
2.697423E-06	1119944
2.696269E-06	1120244
2.695664E-06	1120544
2.695926E-06	1120844
2.694502E-06	1121144
2.694592E-06	1121444
2.693490E-06	1121744
2.693614E-06	1122044
2.694529E-06	1122344
2.695780E-06	1122644
2.694586E-06	1122944
2.694180E-06	1123244
2.693277E-06	1123544
2.692637E-06	1123844
2.691441E-06	1124144
2.692467E-06	1124444
2.693063E-06	1124744
2.694500E-06	1125044
2.694059E-06	1125345
2.691285E-06	1125645
2.690540E-06	1125945
2.689343E-06	1126245
2.689124E-06	1126545
2.688376E-06	1126845
2.688543E-06	1127145
2.687319E-06	1127445
2.685729E-06	1127745
2.686436E-06	1128045
2.686118E-06	1128345
2.685156E-06	1128645
2.684135E-06	1128945
2.683696E-06	1129245
2.682530E-06	1129545
2.682983E-06	1129845
2.680984E-06	1130145
2.681593E-06	1130445
2.684103E-06	1130745
2.683869E-06	1131045
2.683034E-06	1131345
2.681968E-06	1131645
2.682732E-06	1131945
2.681472E-06	1132247
2.682269E-06	1132547
2.683698E-06	1132847
2.683784E-06	1133147
2.682327E-06	1133447
2.681264E-06	1133747
2.681396E-06	1134047
2.679847E-06	1134347
2.678494E-06	1134647
2.677659E-06	1134947
2.677809E-06	1135247
2.677172E-06	1135547
2.677943E-06	1135847
2.676752E-06	1136147
2.676385E-06	1136447
2.675510E-06	1136747
2.675261E-06	1137047
2.675118E-06	1137347
2.673740E-06	1137647
2.672900E-06	1137947
2.672549E-06	1138247
2.671743E-06	1138547
2.671302E-06	1138847
2.670684E-06	1139148
2.674469E-06	1139448
2.673267E-06	1139748
2.673204E-06	1140048
2.673339E-06	1140348
2.673361E-06	1140648
2.673740E-06	1140948
2.673768E-06	1141248
2.674317E-06	1141548
2.675211E-06	1141848
2.674238E-06	1142148
2.673399E-06	1142448
2.672894E-06	1142748
2.672140E-06	1143048
2.673356E-06	1143348
2.672032E-06	1143648
2.670937E-06	1143948
2.670795E-06	1144248
2.670560E-06	1144548
2.669530E-06	1144848
2.668913E-06	1145148
2.668643E-06	1145448
2.668678E-06	1145748
2.668037E-06	1146048
2.658272E-06	1146356
2.664420E-06	1146657
2.668304E-06	1146957
2.669105E-06	1147257
2.669988E-06	1147557
2.667548E-06	1147857
2.668671E-06	1148157
2.668665E-06	1148457
2.667140E-06	1148757
2.666989E-06	1149057
