section id,recording id,timestamp [ns]
2a3719f5-68f4-46bc-abac-4326a38eb305,f78244d8-5fd0-4662-9c34-b0ceed68e663,1776958430434000000
2a3719f5-68f4-46bc-abac-4326a38eb305,f78244d8-5fd0-4662-9c34-b0ceed68e663,1776958430484000000
2a3719f5-68f4-46bc-abac-4326a38eb305,f78244d8-5fd0-4662-9c34-b0ceed68e663,1776958430534000000
2a3719f5-68f4-46bc-abac-4326a38eb305,f78244d8-5fd0-4662-9c34-b0ceed68e663,1776958430584000000
2a3719f5-68f4-46bc-abac-4326a38eb305,f78244d8-5fd0-4662-9c34-b0ceed68e663,1776958430634000000
2a3719f5-68f4-46bc-abac-4326a38eb305,f78244d8-5fd0-4662-9c34-b0ceed68e663,1776958430684000000
2a3719f5-68f4-46bc-abac-4326a38eb305,f78244d8-5fd0-4662-9c34-b0ceed68e663,1776958430734000000
2a3719f5-68f4-46bc-abac-4326a38eb305,f78244d8-5fd0-4662-9c34-b0ceed68e663,1776958430784000000
2a3719f5-68f4-46bc-abac-4326a38eb305,f78244d8-5fd0-4662-9c34-b0ceed68e663,1776958430834000000
2a3719f5-68f4-46bc-abac-4326a38eb305,f78244d8-5fd0-4662-9c34-b0ceed68e663,1776958430884000000
2a3719f5-68f4-46bc-abac-4326a38eb305,f78244d8-5fd0-4662-9c34-b0ceed68e663,1776958430934000000
2a3719f5-68f4-46bc-abac-4326a38eb305,f78244d8-5fd0-4662-9c34-b0ceed68e663,1776958430984000000
2a3719f5-68f4-46bc-abac-4326a38eb305,f78244d8-5fd0-4662-9c34-b0ceed68e663,1776958431034000000
2a3719f5-68f4-46bc-abac-4326a38eb305,f78244d8-5fd0-4662-9c34-b0ceed68e663,1776958431084000000
2a3719f5-68f4-46bc-abac-4326a38eb305,f78244d8-5fd0-4662-9c34-b0ceed68e663,1776958431134000000
2a3719f5-68f4-46bc-abac-4326a38eb305,f78244d8-5fd0-4662-9c34-b0ceed68e663,1776958431184000000
2a3719f5-68f4-46bc-abac-4326a38eb305,f78244d8-5fd0-4662-9c34-b0ceed68e663,1776958431234000000
2a3719f5-68f4-46bc-abac-4326a38eb305,f78244d8-5fd0-4662-9c34-b0ceed68e663,1776958431284000000
2a3719f5-68f4-46bc-abac-4326a38eb305,f78244d8-5fd0-4662-9c34-b0ceed68e663,1776958431334000000
2a3719f5-68f4-46bc-abac-4326a38eb305,f78244d8-5fd0-4662-9c34-b0ceed68e663,1776958431384000000
2a3719f5-68f4-46bc-abac-4326a38eb305,f78244d8-5fd0-4662-9c34-b0ceed68e663,1776958431434000000
2a3719f5-68f4-46bc-abac-4326a38eb305,f78244d8-5fd0-4662-9c34-b0ceed68e663,1776958431484000000
2a3719f5-68f4-46bc-abac-4326a38eb305,f78244d8-5fd0-4662-9c34-b0ceed68e663,1776958431534000000
2a3719f5-68f4-46bc-abac-4326a38eb305,f78244d8-5fd0-4662-9c34-b0ceed68e663,1776958431584000000
2a3719f5-68f4-46bc-abac-4326a38eb305,f78244d8-5fd0-4662-9c34-b0ceed68e663,1776958431634000000
2a3719f5-68f4-46bc-abac-4326a38eb305,f78244d8-5fd0-4662-9c34-b0ceed68e663,1776958431684000000
2a3719f5-68f4-46bc-abac-4326a38eb305,f78244d8-5fd0-4662-9c34-b0ceed68e663,1776958431734000000
2a3719f5-68f4-46bc-abac-4326a38eb305,f78244d8-5fd0-4662-9c34-b0ceed68e663,1776958431784000000
2a3719f5-68f4-46bc-abac-4326a38eb305,f78244d8-5fd0-4662-9c34-b0ceed68e663,1776958431802600000
2a3719f5-68f4-46bc-abac-4326a38eb305,f78244d8-5fd0-4662-9c34-b0ceed68e663,1776958431815500000
2a3719f5-68f4-46bc-abac-4326a38eb305,f78244d8-5fd0-4662-9c34-b0ceed68e663,1776958431848844444
2a3719f5-68f4-46bc-abac-4326a38eb305,f78244d8-5fd0-4662-9c34-b0ceed68e663,1776958431882188888
2a3719f5-68f4-46bc-abac-4326a38eb305,f78244d8-5fd0-4662-9c34-b0ceed68e663,1776958431915533333
2a3719f5-68f4-46bc-abac-4326a38eb305,f78244d8-5fd0-4662-9c34-b0ceed68e663,1776958431948877777
2a3719f5-68f4-46bc-abac-4326a38eb305,f78244d8-5fd0-4662-9c34-b0ceed68e663,1776958431982222222
2a3719f5-68f4-46bc-abac-4326a38eb305,f78244d8-5fd0-4662-9c34-b0ceed68e663,1776958432015555555
2a3719f5-68f4-46bc-abac-4326a38eb305,f78244d8-5fd0-4662-9c34-b0ceed68e663,1776958432048900000
2a3719f5-68f4-46bc-abac-4326a38eb305,f78244d8-5fd0-4662-9c34-b0ceed68e663,1776958432082244444
2a3719f5-68f4-46bc-abac-4326a38eb305,f78244d8-5fd0-4662-9c34-b0ceed68e663,1776958432115588888
2a3719f5-68f4-46bc-abac-4326a38eb305,f78244d8-5fd0-4662-9c34-b0ceed68e663,1776958432148933333
2a3719f5-68f4-46bc-abac-4326a38eb305,f78244d8-5fd0-4662-9c34-b0ceed68e663,1776958432182266666
2a3719f5-68f4-46bc-abac-4326a38eb305,f78244d8-5fd0-4662-9c34-b0ceed68e663,1776958432215611111
2a3719f5-68f4-46bc-abac-4326a38eb305,f78244d8-5fd0-4662-9c34-b0ceed68e663,1776958432248955555
2a3719f5-68f4-46bc-abac-4326a38eb305,f78244d8-5fd0-4662-9c34-b0ceed68e663,1776958432282300000
2a3719f5-68f4-46bc-abac-4326a38eb305,f78244d8-5fd0-4662-9c34-b0ceed68e663,1776958432315644444
2a3719f5-68f4-46bc-abac-4326a38eb305,f78244d8-5fd0-4662-9c34-b0ceed68e663,1776958432348988888
2a3719f5-68f4-46bc-abac-4326a38eb305,f78244d8-5fd0-4662-9c34-b0ceed68e663,1776958432382322222
2a3719f5-68f4-46bc-abac-4326a38eb305,f78244d8-5fd0-4662-9c34-b0ceed68e663,1776958432415666666
2a3719f5-68f4-46bc-abac-4326a38eb305,f78244d8-5fd0-4662-9c34-b0ceed68e663,1776958432449011111
2a3719f5-68f4-46bc-abac-4326a38eb305,f78244d8-5fd0-4662-9c34-b0ceed68e663,1776958432482355555
2a3719f5-68f4-46bc-abac-4326a38eb305,f78244d8-5fd0-4662-9c34-b0ceed68e663,1776958432515700000
2a3719f5-68f4-46bc-abac-4326a38eb305,f78244d8-5fd0-4662-9c34-b0ceed68e663,1776958432549044444
2a3719f5-68f4-46bc-abac-4326a38eb305,f78244d8-5fd0-4662-9c34-b0ceed68e663,1776958432582377777
2a3719f5-68f4-46bc-abac-4326a38eb305,f78244d8-5fd0-4662-9c34-b0ceed68e663,1776958432615722222
2a3719f5-68f4-46bc-abac-4326a38eb305,f78244d8-5fd0-4662-9c34-b0ceed68e663,1776958432649066666
2a3719f5-68f4-46bc-abac-4326a38eb305,f78244d8-5fd0-4662-9c34-b0ceed68e663,1776958432682411111
2a3719f5-68f4-46bc-abac-4326a38eb305,f78244d8-5fd0-4662-9c34-b0ceed68e663,1776958432715755555
2a3719f5-68f4-46bc-abac-4326a38eb305,f78244d8-5fd0-4662-9c34-b0ceed68e663,1776958432749088888
2a3719f5-68f4-46bc-abac-4326a38eb305,f78244d8-5fd0-4662-9c34-b0ceed68e663,1776958432782433333
2a3719f5-68f4-46bc-abac-4326a38eb305,f78244d8-5fd0-4662-9c34-b0ceed68e663,1776958432815777777
2a3719f5-68f4-46bc-abac-4326a38eb305,f78244d8-5fd0-4662-9c34-b0ceed68e663,1776958432849122222
2a3719f5-68f4-46bc-abac-4326a38eb305,f78244d8-5fd0-4662-9c34-b0ceed68e663,1776958432882466666
2a3719f5-68f4-46bc-abac-4326a38eb305,f78244d8-5fd0-4662-9c34-b0ceed68e663,1776958432915811111
2a3719f5-68f4-46bc-abac-4326a38eb305,f78244d8-5fd0-4662-9c34-b0ceed68e663,1776958432949144444
2a3719f5-68f4-46bc-abac-4326a38eb305,f78244d8-5fd0-4662-9c34-b0ceed68e663,1776958432982488888
2a3719f5-68f4-46bc-abac-4326a38eb305,f78244d8-5fd0-4662-9c34-b0ceed68e663,1776958433015833333
2a3719f5-68f4-46bc-abac-4326a38eb305,f78244d8-5fd0-4662-9c34-b0ceed68e663,1776958433049177777
2a3719f5-68f4-46bc-abac-4326a38eb305,f78244d8-5fd0-4662-9c34-b0ceed68e663,1776958433082522222
2a3719f5-68f4-46bc-abac-4326a38eb305,f78244d8-5fd0-4662-9c34-b0ceed68e663,1776958433115855555
2a3719f5-68f4-46bc-abac-4326a38eb305,f78244d8-5fd0-4662-9c34-b0ceed68e663,1776958433149200000
2a3719f5-68f4-46bc-abac-4326a38eb305,f78244d8-5fd0-4662-9c34-b0ceed68e663,1776958433182544444
2a3719f5-68f4-46bc-abac-4326a38eb305,f78244d8-5fd0-4662-9c34-b0ceed68e663,1776958433215888888
2a3719f5-68f4-46bc-abac-4326a38eb305,f78244d8-5fd0-4662-9c34-b0ceed68e663,1776958433249233333
2a3719f5-68f4-46bc-abac-4326a38eb305,f78244d8-5fd0-4662-9c34-b0ceed68e663,1776958433282577777
2a3719f5-68f4-46bc-abac-4326a38eb305,f78244d8-5fd0-4662-9c34-b0ceed68e663,1776958433315911111
2a3719f5-68f4-46bc-abac-4326a38eb305,f78244d8-5fd0-4662-9c34-b0ceed68e663,1776958433349255555
2a3719f5-68f4-46bc-abac-4326a38eb305,f78244d8-5fd0-4662-9c34-b0ceed68e663,1776958433382600000
2a3719f5-68f4-46bc-abac-4326a38eb305,f78244d8-5fd0-4662-9c34-b0ceed68e663,1776958433415944444
2a3719f5-68f4-46bc-abac-4326a38eb305,f78244d8-5fd0-4662-9c34-b0ceed68e663,1776958433449288888
2a3719f5-68f4-46bc-abac-4326a38eb305,f78244d8-5fd0-4662-9c34-b0ceed68e663,1776958433482622222
2a3719f5-68f4-46bc-abac-4326a38eb305,f78244d8-5fd0-4662-9c34-b0ceed68e663,1776958433515966666
2a3719f5-68f4-46bc-abac-4326a38eb305,f78244d8-5fd0-4662-9c34-b0ceed68e663,1776958433549311111
2a3719f5-68f4-46bc-abac-4326a38eb305,f78244d8-5fd0-4662-9c34-b0ceed68e663,1776958433582655555
2a3719f5-68f4-46bc-abac-4326a38eb305,f78244d8-5fd0-4662-9c34-b0ceed68e663,1776958433616000000
2a3719f5-68f4-46bc-abac-4326a38eb305,f78244d8-5fd0-4662-9c34-b0ceed68e663,1776958433649344444
2a3719f5-68f4-46bc-abac-4326a38eb305,f78244d8-5fd0-4662-9c34-b0ceed68e663,1776958433682677777
2a3719f5-68f4-46bc-abac-4326a38eb305,f78244d8-5fd0-4662-9c34-b0ceed68e663,1776958433716022222
2a3719f5-68f4-46bc-abac-4326a38eb305,f78244d8-5fd0-4662-9c34-b0ceed68e663,1776958433749366666
2a3719f5-68f4-46bc-abac-4326a38eb305,f78244d8-5fd0-4662-9c34-b0ceed68e663,1776958433782711111
2a3719f5-68f4-46bc-abac-4326a38eb305,f78244d8-5fd0-4662-9c34-b0ceed68e663,1776958433816055555
2a3719f5-68f4-46bc-abac-4326a38eb305,f78244d8-5fd0-4662-9c34-b0ceed68e663,1776958433849388888
2a3719f5-68f4-46bc-abac-4326a38eb305,f78244d8-5fd0-4662-9c34-b0ceed68e663,1776958433882733333
2a3719f5-68f4-46bc-abac-4326a38eb305,f78244d8-5fd0-4662-9c34-b0ceed68e663,1776958433916077777
2a3719f5-68f4-46bc-abac-4326a38eb305,f78244d8-5fd0-4662-9c34-b0ceed68e663,1776958433949422222
2a3719f5-68f4-46bc-abac-4326a38eb305,f78244d8-5fd0-4662-9c34-b0ceed68e663,1776958433982766666
2a3719f5-68f4-46bc-abac-4326a38eb305,f78244d8-5fd0-4662-9c34-b0ceed68e663,1776958434016111111
2a3719f5-68f4-46bc-abac-4326a38eb305,f78244d8-5fd0-4662-9c34-b0ceed68e663,1776958434049444444
2a3719f5-68f4-46bc-abac-4326a38eb305,f78244d8-5fd0-4662-9c34-b0ceed68e663,1776958434082788888
2a3719f5-68f4-46bc-abac-4326a38eb305,f78244d8-5fd0-4662-9c34-b0ceed68e663,1776958434116133333
2a3719f5-68f4-46bc-abac-4326a38eb305,f78244d8-5fd0-4662-9c34-b0ceed68e663,1776958434149477777
2a3719f5-68f4-46bc-abac-4326a38eb305,f78244d8-5fd0-4662-9c34-b0ceed68e663,1776958434182822222
2a3719f5-68f4-46bc-abac-4326a38eb305,f78244d8-5fd0-4662-9c34-b0ceed68e663,1776958434216155555
2a3719f5-68f4-46bc-abac-4326a38eb305,f78244d8-5fd0-4662-9c34-b0ceed68e663,1776958434249500000
2a3719f5-68f4-46bc-abac-4326a38eb305,f78244d8-5fd0-4662-9c34-b0ceed68e663,1776958434282844444
2a3719f5-68f4-46bc-abac-4326a38eb305,f78244d8-5fd0-4662-9c34-b0ceed68e663,1776958434316188888
2a3719f5-68f4-46bc-abac-4326a38eb305,f78244d8-5fd0-4662-9c34-b0ceed68e663,1776958434349533333
2a3719f5-68f4-46bc-abac-4326a38eb305,f78244d8-5fd0-4662-9c34-b0ceed68e663,1776958434382877777
2a3719f5-68f4-46bc-abac-4326a38eb305,f78244d8-5fd0-4662-9c34-b0ceed68e663,1776958434416211111
2a3719f5-68f4-46bc-abac-4326a38eb305,f78244d8-5fd0-4662-9c34-b0ceed68e663,1776958434449555555
2a3719f5-68f4-46bc-abac-4326a38eb305,f78244d8-5fd0-4662-9c34-b0ceed68e663,1776958434482899999
2a3719f5-68f4-46bc-abac-4326a38eb305,f78244d8-5fd0-4662-9c34-b0ceed68e663,1776958434516244444
2a3719f5-68f4-46bc-abac-4326a38eb305,f78244d8-5fd0-4662-9c34-b0ceed68e663,1776958434549588888
2a3719f5-68f4-46bc-abac-4326a38eb305,f78244d8-5fd0-4662-9c34-b0ceed68e663,1776958434582933333
2a3719f5-68f4-46bc-abac-4326a38eb305,f78244d8-5fd0-4662-9c34-b0ceed68e663,1776958434616266666
2a3719f5-68f4-46bc-abac-4326a38eb305,f78244d8-5fd0-4662-9c34-b0ceed68e663,1776958434649611111
2a3719f5-68f4-46bc-abac-4326a38eb305,f78244d8-5fd0-4662-9c34-b0ceed68e663,1776958434682955555
2a3719f5-68f4-46bc-abac-4326a38eb305,f78244d8-5fd0-4662-9c34-b0ceed68e663,1776958434716300000
2a3719f5-68f4-46bc-abac-4326a38eb305,f78244d8-5fd0-4662-9c34-b0ceed68e663,1776958434749644444
2a3719f5-68f4-46bc-abac-4326a38eb305,f78244d8-5fd0-4662-9c34-b0ceed68e663,1776958434782977777
2a3719f5-68f4-46bc-abac-4326a38eb305,f78244d8-5fd0-4662-9c34-b0ceed68e663,1776958434816322222
2a3719f5-68f4-46bc-abac-4326a38eb305,f78244d8-5fd0-4662-9c34-b0ceed68e663,1776958434849666666
2a3719f5-68f4-46bc-abac-4326a38eb305,f78244d8-5fd0-4662-9c34-b0ceed68e663,1776958434883011111
2a3719f5-68f4-46bc-abac-4326a38eb305,f78244d8-5fd0-4662-9c34-b0ceed68e663,1776958434916355555
2a3719f5-68f4-46bc-abac-4326a38eb305,f78244d8-5fd0-4662-9c34-b0ceed68e663,1776958434949700000
2a3719f5-68f4-46bc-abac-4326a38eb305,f78244d8-5fd0-4662-9c34-b0ceed68e663,1776958434983033333
2a3719f5-68f4-46bc-abac-4326a38eb305,f78244d8-5fd0-4662-9c34-b0ceed68e663,1776958435016377777
2a3719f5-68f4-46bc-abac-4326a38eb305,f78244d8-5fd0-4662-9c34-b0ceed68e663,1776958435049722222
2a3719f5-68f4-46bc-abac-4326a38eb305,f78244d8-5fd0-4662-9c34-b0ceed68e663,1776958435083066666
2a3719f5-68f4-46bc-abac-4326a38eb305,f78244d8-5fd0-4662-9c34-b0ceed68e663,1776958435116411111
2a3719f5-68f4-46bc-abac-4326a38eb305,f78244d8-5fd0-4662-9c34-b0ceed68e663,1776958435149744444
2a3719f5-68f4-46bc-abac-4326a38eb305,f78244d8-5fd0-4662-9c34-b0ceed68e663,1776958435183088888
2a3719f5-68f4-46bc-abac-4326a38eb305,f78244d8-5fd0-4662-9c34-b0ceed68e663,1776958435216433333
2a3719f5-68f4-46bc-abac-4326a38eb305,f78244d8-5fd0-4662-9c34-b0ceed68e663,1776958435249777777
2a3719f5-68f4-46bc-abac-4326a38eb305,f78244d8-5fd0-4662-9c34-b0ceed68e663,1776958435283122222
2a3719f5-68f4-46bc-abac-4326a38eb305,f78244d8-5fd0-4662-9c34-b0ceed68e663,1776958435316466666
2a3719f5-68f4-46bc-abac-4326a38eb305,f78244d8-5fd0-4662-9c34-b0ceed68e663,1776958435349800000
2a3719f5-68f4-46bc-abac-4326a38eb305,f78244d8-5fd0-4662-9c34-b0ceed68e663,1776958435383144444
2a3719f5-68f4-46bc-abac-4326a38eb305,f78244d8-5fd0-4662-9c34-b0ceed68e663,1776958435416488888
2a3719f5-68f4-46bc-abac-4326a38eb305,f78244d8-5fd0-4662-9c34-b0ceed68e663,1776958435449833333
2a3719f5-68f4-46bc-abac-4326a38eb305,f78244d8-5fd0-4662-9c34-b0ceed68e663,1776958435483177777
2a3719f5-68f4-46bc-abac-4326a38eb305,f78244d8-5fd0-4662-9c34-b0ceed68e663,1776958435516522222
2a3719f5-68f4-46bc-abac-4326a38eb305,f78244d8-5fd0-4662-9c34-b0ceed68e663,1776958435549855555
2a3719f5-68f4-46bc-abac-4326a38eb305,f78244d8-5fd0-4662-9c34-b0ceed68e663,1776958435583200000
2a3719f5-68f4-46bc-abac-4326a38eb305,f78244d8-5fd0-4662-9c34-b0ceed68e663,1776958435616544444
2a3719f5-68f4-46bc-abac-4326a38eb305,f78244d8-5fd0-4662-9c34-b0ceed68e663,1776958435649888888
2a3719f5-68f4-46bc-abac-4326a38eb305,f78244d8-5fd0-4662-9c34-b0ceed68e663,1776958435683233333
2a3719f5-68f4-46bc-abac-4326a38eb305,f78244d8-5fd0-4662-9c34-b0ceed68e663,1776958435716566666
2a3719f5-68f4-46bc-abac-4326a38eb305,f78244d8-5fd0-4662-9c34-b0ceed68e663,1776958435749911111
2a3719f5-68f4-46bc-abac-4326a38eb305,f78244d8-5fd0-4662-9c34-b0ceed68e663,1776958435783255555
2a3719f5-68f4-46bc-abac-4326a38eb305,f78244d8-5fd0-4662-9c34-b0ceed68e663,1776958435816600000
2a3719f5-68f4-46bc-abac-4326a38eb305,f78244d8-5fd0-4662-9c34-b0ceed68e663,1776958435849944444
2a3719f5-68f4-46bc-abac-4326a38eb305,f78244d8-5fd0-4662-9c34-b0ceed68e663,1776958435883277777
2a3719f5-68f4-46bc-abac-4326a38eb305,f78244d8-5fd0-4662-9c34-b0ceed68e663,1776958435916622222
2a3719f5-68f4-46bc-abac-4326a38eb305,f78244d8-5fd0-4662-9c34-b0ceed68e663,1776958435949966666
2a3719f5-68f4-46bc-abac-4326a38eb305,f78244d8-5fd0-4662-9c34-b0ceed68e663,1776958435983311111
2a3719f5-68f4-46bc-abac-4326a38eb305,f78244d8-5fd0-4662-9c34-b0ceed68e663,1776958436016655555
2a3719f5-68f4-46bc-abac-4326a38eb305,f78244d8-5fd0-4662-9c34-b0ceed68e663,1776958436050000000
2a3719f5-68f4-46bc-abac-4326a38eb305,f78244d8-5fd0-4662-9c34-b0ceed68e663,1776958436083333333
2a3719f5-68f4-46bc-abac-4326a38eb305,f78244d8-5fd0-4662-9c34-b0ceed68e663,1776958436116677777
2a3719f5-68f4-46bc-abac-4326a38eb305,f78244d8-5fd0-4662-9c34-b0ceed68e663,1776958436150022222
2a3719f5-68f4-46bc-abac-4326a38eb305,f78244d8-5fd0-4662-9c34-b0ceed68e663,1776958436183366666
2a3719f5-68f4-46bc-abac-4326a38eb305,f78244d8-5fd0-4662-9c34-b0ceed68e663,1776958436216711111
2a3719f5-68f4-46bc-abac-4326a38eb305,f78244d8-5fd0-4662-9c34-b0ceed68e663,1776958436250044444
2a3719f5-68f4-46bc-abac-4326a38eb305,f78244d8-5fd0-4662-9c34-b0ceed68e663,1776958436283388888
2a3719f5-68f4-46bc-abac-4326a38eb305,f78244d8-5fd0-4662-9c34-b0ceed68e663,1776958436316733333
2a3719f5-68f4-46bc-abac-4326a38eb305,f78244d8-5fd0-4662-9c34-b0ceed68e663,1776958436350077777
2a3719f5-68f4-46bc-abac-4326a38eb305,f78244d8-5fd0-4662-9c34-b0ceed68e663,1776958436383422222
2a3719f5-68f4-46bc-abac-4326a38eb305,f78244d8-5fd0-4662-9c34-b0ceed68e663,1776958436416766666
2a3719f5-68f4-46bc-abac-4326a38eb305,f78244d8-5fd0-4662-9c34-b0ceed68e663,1776958436450100000
2a3719f5-68f4-46bc-abac-4326a38eb305,f78244d8-5fd0-4662-9c34-b0ceed68e663,1776958436483444444
2a3719f5-68f4-46bc-abac-4326a38eb305,f78244d8-5fd0-4662-9c34-b0ceed68e663,1776958436516788888
2a3719f5-68f4-46bc-abac-4326a38eb305,f78244d8-5fd0-4662-9c34-b0ceed68e663,1776958436550133333
2a3719f5-68f4-46bc-abac-4326a38eb305,f78244d8-5fd0-4662-9c34-b0ceed68e663,1776958436583477777
2a3719f5-68f4-46bc-abac-4326a38eb305,f78244d8-5fd0-4662-9c34-b0ceed68e663,1776958436616822222
2a3719f5-68f4-46bc-abac-4326a38eb305,f78244d8-5fd0-4662-9c34-b0ceed68e663,1776958436650155555
2a3719f5-68f4-46bc-abac-4326a38eb305,f78244d8-5fd0-4662-9c34-b0ceed68e663,1776958436683500000
2a3719f5-68f4-46bc-abac-4326a38eb305,f78244d8-5fd0-4662-9c34-b0ceed68e663,1776958436716844444
2a3719f5-68f4-46bc-abac-4326a38eb305,f78244d8-5fd0-4662-9c34-b0ceed68e663,1776958436750188888
2a3719f5-68f4-46bc-abac-4326a38eb305,f78244d8-5fd0-4662-9c34-b0ceed68e663,1776958436783533333
2a3719f5-68f4-46bc-abac-4326a38eb305,f78244d8-5fd0-4662-9c34-b0ceed68e663,1776958436816866666
2a3719f5-68f4-46bc-abac-4326a38eb305,f78244d8-5fd0-4662-9c34-b0ceed68e663,1776958436850211111
2a3719f5-68f4-46bc-abac-4326a38eb305,f78244d8-5fd0-4662-9c34-b0ceed68e663,1776958436883555555
2a3719f5-68f4-46bc-abac-4326a38eb305,f78244d8-5fd0-4662-9c34-b0ceed68e663,1776958436916900000
2a3719f5-68f4-46bc-abac-4326a38eb305,f78244d8-5fd0-4662-9c34-b0ceed68e663,1776958436950244444
2a3719f5-68f4-46bc-abac-4326a38eb305,f78244d8-5fd0-4662-9c34-b0ceed68e663,1776958436983588888
2a3719f5-68f4-46bc-abac-4326a38eb305,f78244d8-5fd0-4662-9c34-b0ceed68e663,1776958437016922222
2a3719f5-68f4-46bc-abac-4326a38eb305,f78244d8-5fd0-4662-9c34-b0ceed68e663,1776958437050266666
2a3719f5-68f4-46bc-abac-4326a38eb305,f78244d8-5fd0-4662-9c34-b0ceed68e663,1776958437083611111
2a3719f5-68f4-46bc-abac-4326a38eb305,f78244d8-5fd0-4662-9c34-b0ceed68e663,1776958437116955555
2a3719f5-68f4-46bc-abac-4326a38eb305,f78244d8-5fd0-4662-9c34-b0ceed68e663,1776958437150300000
2a3719f5-68f4-46bc-abac-4326a38eb305,f78244d8-5fd0-4662-9c34-b0ceed68e663,1776958437183644444
2a3719f5-68f4-46bc-abac-4326a38eb305,f78244d8-5fd0-4662-9c34-b0ceed68e663,1776958437216977777
2a3719f5-68f4-46bc-abac-4326a38eb305,f78244d8-5fd0-4662-9c34-b0ceed68e663,1776958437250322222
2a3719f5-68f4-46bc-abac-4326a38eb305,f78244d8-5fd0-4662-9c34-b0ceed68e663,1776958437283666666
2a3719f5-68f4-46bc-abac-4326a38eb305,f78244d8-5fd0-4662-9c34-b0ceed68e663,1776958437317011111
2a3719f5-68f4-46bc-abac-4326a38eb305,f78244d8-5fd0-4662-9c34-b0ceed68e663,1776958437350355555
2a3719f5-68f4-46bc-abac-4326a38eb305,f78244d8-5fd0-4662-9c34-b0ceed68e663,1776958437383688888
2a3719f5-68f4-46bc-abac-4326a38eb305,f78244d8-5fd0-4662-9c34-b0ceed68e663,1776958437417033333
2a3719f5-68f4-46bc-abac-4326a38eb305,f78244d8-5fd0-4662-9c34-b0ceed68e663,1776958437450377777
2a3719f5-68f4-46bc-abac-4326a38eb305,f78244d8-5fd0-4662-9c34-b0ceed68e663,1776958437483722222
2a3719f5-68f4-46bc-abac-4326a38eb305,f78244d8-5fd0-4662-9c34-b0ceed68e663,1776958437517066666
2a3719f5-68f4-46bc-abac-4326a38eb305,f78244d8-5fd0-4662-9c34-b0ceed68e663,1776958437550411111
2a3719f5-68f4-46bc-abac-4326a38eb305,f78244d8-5fd0-4662-9c34-b0ceed68e663,1776958437583744444
2a3719f5-68f4-46bc-abac-4326a38eb305,f78244d8-5fd0-4662-9c34-b0ceed68e663,1776958437617088888
2a3719f5-68f4-46bc-abac-4326a38eb305,f78244d8-5fd0-4662-9c34-b0ceed68e663,1776958437650433333
2a3719f5-68f4-46bc-abac-4326a38eb305,f78244d8-5fd0-4662-9c34-b0ceed68e663,1776958437683777777
2a3719f5-68f4-46bc-abac-4326a38eb305,f78244d8-5fd0-4662-9c34-b0ceed68e663,1776958437717122222
2a3719f5-68f4-46bc-abac-4326a38eb305,f78244d8-5fd0-4662-9c34-b0ceed68e663,1776958437750455555
2a3719f5-68f4-46bc-abac-4326a38eb305,f78244d8-5fd0-4662-9c34-b0ceed68e663,1776958437783800000
2a3719f5-68f4-46bc-abac-4326a38eb305,f78244d8-5fd0-4662-9c34-b0ceed68e663,1776958437817144444
2a3719f5-68f4-46bc-abac-4326a38eb305,f78244d8-5fd0-4662-9c34-b0ceed68e663,1776958437850488888
2a3719f5-68f4-46bc-abac-4326a38eb305,f78244d8-5fd0-4662-9c34-b0ceed68e663,1776958437883833333
2a3719f5-68f4-46bc-abac-4326a38eb305,f78244d8-5fd0-4662-9c34-b0ceed68e663,1776958437917177777
2a3719f5-68f4-46bc-abac-4326a38eb305,f78244d8-5fd0-4662-9c34-b0ceed68e663,1776958437950511111
2a3719f5-68f4-46bc-abac-4326a38eb305,f78244d8-5fd0-4662-9c34-b0ceed68e663,1776958437983855555
2a3719f5-68f4-46bc-abac-4326a38eb305,f78244d8-5fd0-4662-9c34-b0ceed68e663,1776958438017200000
2a3719f5-68f4-46bc-abac-4326a38eb305,f78244d8-5fd0-4662-9c34-b0ceed68e663,1776958438050544444
2a3719f5-68f4-46bc-abac-4326a38eb305,f78244d8-5fd0-4662-9c34-b0ceed68e663,1776958438083888888
2a3719f5-68f4-46bc-abac-4326a38eb305,f78244d8-5fd0-4662-9c34-b0ceed68e663,1776958438117222222
2a3719f5-68f4-46bc-abac-4326a38eb305,f78244d8-5fd0-4662-9c34-b0ceed68e663,1776958438150566666
2a3719f5-68f4-46bc-abac-4326a38eb305,f78244d8-5fd0-4662-9c34-b0ceed68e663,1776958438183911111
2a3719f5-68f4-46bc-abac-4326a38eb305,f78244d8-5fd0-4662-9c34-b0ceed68e663,1776958438217255555
2a3719f5-68f4-46bc-abac-4326a38eb305,f78244d8-5fd0-4662-9c34-b0ceed68e663,1776958438250600000
2a3719f5-68f4-46bc-abac-4326a38eb305,f78244d8-5fd0-4662-9c34-b0ceed68e663,1776958438283944444
2a3719f5-68f4-46bc-abac-4326a38eb305,f78244d8-5fd0-4662-9c34-b0ceed68e663,1776958438317277777
2a3719f5-68f4-46bc-abac-4326a38eb305,f78244d8-5fd0-4662-9c34-b0ceed68e663,1776958438350622222
2a3719f5-68f4-46bc-abac-4326a38eb305,f78244d8-5fd0-4662-9c34-b0ceed68e663,1776958438383966666
2a3719f5-68f4-46bc-abac-4326a38eb305,f78244d8-5fd0-4662-9c34-b0ceed68e663,1776958438417311111
2a3719f5-68f4-46bc-abac-4326a38eb305,f78244d8-5fd0-4662-9c34-b0ceed68e663,1776958438450655555
2a3719f5-68f4-46bc-abac-4326a38eb305,f78244d8-5fd0-4662-9c34-b0ceed68e663,1776958438483988888
2a3719f5-68f4-46bc-abac-4326a38eb305,f78244d8-5fd0-4662-9c34-b0ceed68e663,1776958438517333333
2a3719f5-68f4-46bc-abac-4326a38eb305,f78244d8-5fd0-4662-9c34-b0ceed68e663,1776958438550677777
2a3719f5-68f4-46bc-abac-4326a38eb305,f78244d8-5fd0-4662-9c34-b0ceed68e663,1776958438584022222
2a3719f5-68f4-46bc-abac-4326a38eb305,f78244d8-5fd0-4662-9c34-b0ceed68e663,1776958438617366666
2a3719f5-68f4-46bc-abac-4326a38eb305,f78244d8-5fd0-4662-9c34-b0ceed68e663,1776958438650711111
2a3719f5-68f4-46bc-abac-4326a38eb305,f78244d8-5fd0-4662-9c34-b0ceed68e663,1776958438684044444
2a3719f5-68f4-46bc-abac-4326a38eb305,f78244d8-5fd0-4662-9c34-b0ceed68e663,1776958438717388888
2a3719f5-68f4-46bc-abac-4326a38eb305,f78244d8-5fd0-4662-9c34-b0ceed68e663,1776958438750733333
2a3719f5-68f4-46bc-abac-4326a38eb305,f78244d8-5fd0-4662-9c34-b0ceed68e663,1776958438784077777
2a3719f5-68f4-46bc-abac-4326a38eb305,f78244d8-5fd0-4662-9c34-b0ceed68e663,1776958438817422222
2a3719f5-68f4-46bc-abac-4326a38eb305,f78244d8-5fd0-4662-9c34-b0ceed68e663,1776958438850755555
2a3719f5-68f4-46bc-abac-4326a38eb305,f78244d8-5fd0-4662-9c34-b0ceed68e663,1776958438884100000
2a3719f5-68f4-46bc-abac-4326a38eb305,f78244d8-5fd0-4662-9c34-b0ceed68e663,1776958438917444444
2a3719f5-68f4-46bc-abac-4326a38eb305,f78244d8-5fd0-4662-9c34-b0ceed68e663,1776958438950788888
2a3719f5-68f4-46bc-abac-4326a38eb305,f78244d8-5fd0-4662-9c34-b0ceed68e663,1776958438984133333
2a3719f5-68f4-46bc-abac-4326a38eb305,f78244d8-5fd0-4662-9c34-b0ceed68e663,1776958439017477777
2a3719f5-68f4-46bc-abac-4326a38eb305,f78244d8-5fd0-4662-9c34-b0ceed68e663,1776958439050811111
2a3719f5-68f4-46bc-abac-4326a38eb305,f78244d8-5fd0-4662-9c34-b0ceed68e663,1776958439084155555
2a3719f5-68f4-46bc-abac-4326a38eb305,f78244d8-5fd0-4662-9c34-b0ceed68e663,1776958439117500000
2a3719f5-68f4-46bc-abac-4326a38eb305,f78244d8-5fd0-4662-9c34-b0ceed68e663,1776958439150844444
2a3719f5-68f4-46bc-abac-4326a38eb305,f78244d8-5fd0-4662-9c34-b0ceed68e663,1776958439184188888
2a3719f5-68f4-46bc-abac-4326a38eb305,f78244d8-5fd0-4662-9c34-b0ceed68e663,1776958439217533333
2a3719f5-68f4-46bc-abac-4326a38eb305,f78244d8-5fd0-4662-9c34-b0ceed68e663,1776958439250866666
2a3719f5-68f4-46bc-abac-4326a38eb305,f78244d8-5fd0-4662-9c34-b0ceed68e663,1776958439284211111
2a3719f5-68f4-46bc-abac-4326a38eb305,f78244d8-5fd0-4662-9c34-b0ceed68e663,1776958439317555555
2a3719f5-68f4-46bc-abac-4326a38eb305,f78244d8-5fd0-4662-9c34-b0ceed68e663,1776958439350900000
2a3719f5-68f4-46bc-abac-4326a38eb305,f78244d8-5fd0-4662-9c34-b0ceed68e663,1776958439384244444
2a3719f5-68f4-46bc-abac-4326a38eb305,f78244d8-5fd0-4662-9c34-b0ceed68e663,1776958439417577777
2a3719f5-68f4-46bc-abac-4326a38eb305,f78244d8-5fd0-4662-9c34-b0ceed68e663,1776958439450922222
2a3719f5-68f4-46bc-abac-4326a38eb305,f78244d8-5fd0-4662-9c34-b0ceed68e663,1776958439484266666
2a3719f5-68f4-46bc-abac-4326a38eb305,f78244d8-5fd0-4662-9c34-b0ceed68e663,1776958439517611111
2a3719f5-68f4-46bc-abac-4326a38eb305,f78244d8-5fd0-4662-9c34-b0ceed68e663,1776958439550955555
2a3719f5-68f4-46bc-abac-4326a38eb305,f78244d8-5fd0-4662-9c34-b0ceed68e663,1776958439584300000
2a3719f5-68f4-46bc-abac-4326a38eb305,f78244d8-5fd0-4662-9c34-b0ceed68e663,1776958439617633333
2a3719f5-68f4-46bc-abac-4326a38eb305,f78244d8-5fd0-4662-9c34-b0ceed68e663,1776958439650977777
2a3719f5-68f4-46bc-abac-4326a38eb305,f78244d8-5fd0-4662-9c34-b0ceed68e663,1776958439684322222
2a3719f5-68f4-46bc-abac-4326a38eb305,f78244d8-5fd0-4662-9c34-b0ceed68e663,1776958439717666666
2a3719f5-68f4-46bc-abac-4326a38eb305,f78244d8-5fd0-4662-9c34-b0ceed68e663,1776958439751011111
2a3719f5-68f4-46bc-abac-4326a38eb305,f78244d8-5fd0-4662-9c34-b0ceed68e663,1776958439784344444
2a3719f5-68f4-46bc-abac-4326a38eb305,f78244d8-5fd0-4662-9c34-b0ceed68e663,1776958439817688888
2a3719f5-68f4-46bc-abac-4326a38eb305,f78244d8-5fd0-4662-9c34-b0ceed68e663,1776958439851033333
2a3719f5-68f4-46bc-abac-4326a38eb305,f78244d8-5fd0-4662-9c34-b0ceed68e663,1776958439884377777
2a3719f5-68f4-46bc-abac-4326a38eb305,f78244d8-5fd0-4662-9c34-b0ceed68e663,1776958439917722222
2a3719f5-68f4-46bc-abac-4326a38eb305,f78244d8-5fd0-4662-9c34-b0ceed68e663,1776958439951066666
2a3719f5-68f4-46bc-abac-4326a38eb305,f78244d8-5fd0-4662-9c34-b0ceed68e663,1776958439984400000
2a3719f5-68f4-46bc-abac-4326a38eb305,f78244d8-5fd0-4662-9c34-b0ceed68e663,1776958440017744444
2a3719f5-68f4-46bc-abac-4326a38eb305,f78244d8-5fd0-4662-9c34-b0ceed68e663,1776958440051088888
2a3719f5-68f4-46bc-abac-4326a38eb305,f78244d8-5fd0-4662-9c34-b0ceed68e663,1776958440084433333
2a3719f5-68f4-46bc-abac-4326a38eb305,f78244d8-5fd0-4662-9c34-b0ceed68e663,1776958440117777777
2a3719f5-68f4-46bc-abac-4326a38eb305,f78244d8-5fd0-4662-9c34-b0ceed68e663,1776958440151122222
2a3719f5-68f4-46bc-abac-4326a38eb305,f78244d8-5fd0-4662-9c34-b0ceed68e663,1776958440184455555
2a3719f5-68f4-46bc-abac-4326a38eb305,f78244d8-5fd0-4662-9c34-b0ceed68e663,1776958440217800000
2a3719f5-68f4-46bc-abac-4326a38eb305,f78244d8-5fd0-4662-9c34-b0ceed68e663,1776958440251144444
2a3719f5-68f4-46bc-abac-4326a38eb305,f78244d8-5fd0-4662-9c34-b0ceed68e663,1776958440284488888
2a3719f5-68f4-46bc-abac-4326a38eb305,f78244d8-5fd0-4662-9c34-b0ceed68e663,1776958440317833333
2a3719f5-68f4-46bc-abac-4326a38eb305,f78244d8-5fd0-4662-9c34-b0ceed68e663,1776958440351166666
2a3719f5-68f4-46bc-abac-4326a38eb305,f78244d8-5fd0-4662-9c34-b0ceed68e663,1776958440384511111
2a3719f5-68f4-46bc-abac-4326a38eb305,f78244d8-5fd0-4662-9c34-b0ceed68e663,1776958440417855555
2a3719f5-68f4-46bc-abac-4326a38eb305,f78244d8-5fd0-4662-9c34-b0ceed68e663,1776958440451200000
2a3719f5-68f4-46bc-abac-4326a38eb305,f78244d8-5fd0-4662-9c34-b0ceed68e663,1776958440484544444
2a3719f5-68f4-46bc-abac-4326a38eb305,f78244d8-5fd0-4662-9c34-b0ceed68e663,1776958440517888888
2a3719f5-68f4-46bc-abac-4326a38eb305,f78244d8-5fd0-4662-9c34-b0ceed68e663,1776958440551222222
2a3719f5-68f4-46bc-abac-4326a38eb305,f78244d8-5fd0-4662-9c34-b0ceed68e663,1776958440584566666
2a3719f5-68f4-46bc-abac-4326a38eb305,f78244d8-5fd0-4662-9c34-b0ceed68e663,1776958440617911111
2a3719f5-68f4-46bc-abac-4326a38eb305,f78244d8-5fd0-4662-9c34-b0ceed68e663,1776958440651255555
2a3719f5-68f4-46bc-abac-4326a38eb305,f78244d8-5fd0-4662-9c34-b0ceed68e663,1776958440684600000
2a3719f5-68f4-46bc-abac-4326a38eb305,f78244d8-5fd0-4662-9c34-b0ceed68e663,1776958440717933333
2a3719f5-68f4-46bc-abac-4326a38eb305,f78244d8-5fd0-4662-9c34-b0ceed68e663,1776958440751277777
2a3719f5-68f4-46bc-abac-4326a38eb305,f78244d8-5fd0-4662-9c34-b0ceed68e663,1776958440784622222
2a3719f5-68f4-46bc-abac-4326a38eb305,f78244d8-5fd0-4662-9c34-b0ceed68e663,1776958440817966666
2a3719f5-68f4-46bc-abac-4326a38eb305,f78244d8-5fd0-4662-9c34-b0ceed68e663,1776958440851311111
2a3719f5-68f4-46bc-abac-4326a38eb305,f78244d8-5fd0-4662-9c34-b0ceed68e663,1776958440884655555
2a3719f5-68f4-46bc-abac-4326a38eb305,f78244d8-5fd0-4662-9c34-b0ceed68e663,1776958440934655555
2a3719f5-68f4-46bc-abac-4326a38eb305,f78244d8-5fd0-4662-9c34-b0ceed68e663,1776958440984655555
2a3719f5-68f4-46bc-abac-4326a38eb305,f78244d8-5fd0-4662-9c34-b0ceed68e663,1776958441034655555
2a3719f5-68f4-46bc-abac-4326a38eb305,f78244d8-5fd0-4662-9c34-b0ceed68e663,1776958441084655555
2a3719f5-68f4-46bc-abac-4326a38eb305,f78244d8-5fd0-4662-9c34-b0ceed68e663,1776958441134655555
2a3719f5-68f4-46bc-abac-4326a38eb305,f78244d8-5fd0-4662-9c34-b0ceed68e663,1776958441184655555
2a3719f5-68f4-46bc-abac-4326a38eb305,f78244d8-5fd0-4662-9c34-b0ceed68e663,1776958441234655555
2a3719f5-68f4-46bc-abac-4326a38eb305,f78244d8-5fd0-4662-9c34-b0ceed68e663,1776958441284655555
2a3719f5-68f4-46bc-abac-4326a38eb305,f78244d8-5fd0-4662-9c34-b0ceed68e663,1776958441334655555
2a3719f5-68f4-46bc-abac-4326a38eb305,f78244d8-5fd0-4662-9c34-b0ceed68e663,1776958441384655555
2a3719f5-68f4-46bc-abac-4326a38eb305,f78244d8-5fd0-4662-9c34-b0ceed68e663,1776958441434655555
2a3719f5-68f4-46bc-abac-4326a38eb305,f78244d8-5fd0-4662-9c34-b0ceed68e663,1776958441484655555
2a3719f5-68f4-46bc-abac-4326a38eb305,f78244d8-5fd0-4662-9c34-b0ceed68e663,1776958441534655555
2a3719f5-68f4-46bc-abac-4326a38eb305,f78244d8-5fd0-4662-9c34-b0ceed68e663,1776958441584655555
2a3719f5-68f4-46bc-abac-4326a38eb305,f78244d8-5fd0-4662-9c34-b0ceed68e663,1776958441634655555
2a3719f5-68f4-46bc-abac-4326a38eb305,f78244d8-5fd0-4662-9c34-b0ceed68e663,1776958441684655555
2a3719f5-68f4-46bc-abac-4326a38eb305,f78244d8-5fd0-4662-9c34-b0ceed68e663,1776958441734655555
2a3719f5-68f4-46bc-abac-4326a38eb305,f78244d8-5fd0-4662-9c34-b0ceed68e663,1776958441784655555
2a3719f5-68f4-46bc-abac-4326a38eb305,f78244d8-5fd0-4662-9c34-b0ceed68e663,1776958441834655555
2a3719f5-68f4-46bc-abac-4326a38eb305,f78244d8-5fd0-4662-9c34-b0ceed68e663,1776958441884655555
2a3719f5-68f4-46bc-abac-4326a38eb305,f78244d8-5fd0-4662-9c34-b0ceed68e663,1776958441934655555
2a3719f5-68f4-46bc-abac-4326a38eb305,f78244d8-5fd0-4662-9c34-b0ceed68e663,1776958441984655555
2a3719f5-68f4-46bc-abac-4326a38eb305,f78244d8-5fd0-4662-9c34-b0ceed68e663,1776958442034655555
2a3719f5-68f4-46bc-abac-4326a38eb305,f78244d8-5fd0-4662-9c34-b0ceed68e663,1776958442084655555
